# Generated by glb_to_wall_mesh.py from floor_1F.glb
# Classes: IfcWall IfcColumn
# Frame: pipeline UCS metres, Z-up, same XY frame as the occupancy map
# Z shifted by -1.0000 m so the wall base is at z = 0
mtllib floor_1F_walls_only.mtl
usemtl grey_wall
v 19.596937 0.220000 0.000000
v 19.596937 0.220000 4.020007
v 22.596937 0.220000 4.020007
v 22.596937 0.220000 0.000000
v 22.596937 0.260000 4.020007
v 22.596937 0.260000 0.000000
v 19.596937 0.260000 4.020007
v 19.596937 0.260000 0.000000
v 25.611937 12.925801 0.000000
v 25.611937 13.125801 0.000000
v 26.477737 13.125801 0.000000
v 26.477737 12.925801 0.000000
v 26.477737 13.125801 2.500000
v 26.477737 12.925801 2.500000
v 30.437737 13.125801 2.500000
v 30.437737 12.925801 2.500000
v 30.437737 13.125801 0.000000
v 30.437737 12.925801 0.000000
v 31.211937 13.125801 0.000000
v 31.211937 12.925801 0.000000
v 31.211937 13.125801 4.020007
v 31.211937 12.925801 4.020007
v 25.611937 12.925801 4.020007
v 25.611937 13.125801 4.020007
v 25.426928 18.100002 2.500000
v 25.426928 18.100002 4.020007
v 25.426928 14.140001 4.020007
v 25.426928 14.140001 2.500000
v 25.546928 14.140001 4.020007
v 25.546928 14.140001 2.500000
v 25.546928 18.100002 4.020007
v 25.546928 18.100002 2.500000
v 25.426928 11.900002 2.500000
v 25.426928 11.900002 4.020007
v 25.426928 7.920002 4.020007
v 25.426928 7.920002 2.500000
v 25.546928 7.920002 4.020007
v 25.546928 7.920002 2.500000
v 25.546928 11.900002 4.020007
v 25.546928 11.900002 2.500000
v 25.426928 5.740002 2.500000
v 25.426928 5.740002 4.020007
v 25.426928 3.670002 4.020007
v 25.426928 3.670002 2.500000
v 25.546928 3.670002 4.020007
v 25.546928 3.670002 2.500000
v 25.546928 5.740002 4.020007
v 25.546928 5.740002 2.500000
v 10.521935 48.320000 0.000000
v 10.521935 48.320000 4.020007
v 8.491937 48.320000 4.020007
v 8.491937 48.320000 0.000000
v 8.491937 48.200001 4.020007
v 8.491937 48.200001 0.000000
v 10.521935 48.200001 4.020007
v 10.521935 48.200001 0.000000
v 23.561937 30.336466 0.000000
v 23.561937 30.336466 4.020007
v 25.261936 30.336466 4.020007
v 25.261936 30.336466 0.000000
v 25.261936 30.456467 4.020007
v 25.261936 30.456467 0.000000
v 23.561937 30.456467 4.020007
v 23.561937 30.456467 0.000000
v 20.413240 30.336466 0.000000
v 20.413240 30.336466 4.020007
v 22.153242 30.336466 4.020007
v 22.153242 30.336466 0.000000
v 22.153242 30.456467 4.020007
v 22.153242 30.456467 0.000000
v 20.413240 30.456467 4.020007
v 20.413240 30.456467 0.000000
v 8.371937 56.279003 0.000000
v 8.371937 56.279003 4.020007
v 8.371937 48.200001 4.020007
v 8.371937 48.200001 0.000000
v 8.491937 48.200001 4.020007
v 8.491937 48.200001 0.000000
v 8.491937 56.279003 4.020007
v 8.491937 56.279003 0.000000
v 40.171936 59.595001 0.000000
v 40.171936 59.595001 4.020007
v 33.906944 59.595001 4.020007
v 33.906944 59.595001 0.000000
v 33.906944 59.445000 4.020007
v 33.906944 59.445000 0.000000
v 40.171936 59.445000 4.020007
v 40.171936 59.445000 0.000000
v 12.981936 3.410585 2.300000
v 13.181935 3.410585 2.300000
v 13.181935 1.520585 2.300000
v 12.981936 1.520585 2.300000
v 13.181935 1.520585 0.000000
v 12.981936 1.520585 0.000000
v 13.181935 1.420585 0.000000
v 12.981936 1.420585 0.000000
v 13.181935 1.420585 4.020007
v 12.981936 1.420585 4.020007
v 13.181935 6.425801 4.020007
v 12.981936 6.425801 4.020007
v 13.181935 6.425801 0.000000
v 12.981936 6.425801 0.000000
v 13.181935 3.410585 0.000000
v 12.981936 3.410585 0.000000
v 12.981936 7.225801 0.000000
v 12.981936 7.225801 4.020007
v 13.101935 7.225801 4.020007
v 13.101935 7.225801 0.000000
v 13.101935 9.485801 4.020007
v 13.101935 9.485801 0.000000
v 12.981936 9.485801 4.020007
v 12.981936 9.485801 0.000000
v 19.601587 13.085801 0.000000
v 19.601587 13.085801 4.020007
v 19.601587 12.965801 4.020007
v 19.601587 12.965801 0.000000
v 24.811937 12.965801 4.020007
v 24.811937 12.965801 0.000000
v 24.811937 13.085801 4.020007
v 24.811937 13.085801 0.000000
v 19.261587 2.640584 0.000000
v 19.141588 2.640584 0.000000
v 19.141588 2.640584 2.300000
v 19.261587 2.640584 2.300000
v 19.141588 4.530585 2.300000
v 19.261587 4.530585 2.300000
v 19.141588 4.530585 0.000000
v 19.261587 4.530585 0.000000
v 19.141588 6.425801 0.000000
v 19.261587 6.425801 0.000000
v 19.141588 6.425801 4.020007
v 19.261587 6.425801 4.020007
v 19.141588 0.820001 4.020007
v 19.261587 0.820001 4.020007
v 19.141588 0.820001 0.000000
v 19.261587 0.820001 0.000000
v 19.261587 12.625801 4.020007
v 19.141588 12.625801 4.020007
v 19.141588 12.625801 0.000000
v 19.261587 12.625801 0.000000
v 19.141588 7.225801 4.020007
v 19.261587 7.225801 4.020007
v 19.261587 7.225801 0.000000
v 19.141588 7.225801 0.000000
v 19.261587 7.423193 0.000000
v 19.141588 7.423193 0.000000
v 19.261587 7.423193 2.000000
v 19.141588 7.423193 2.000000
v 19.261587 9.023192 2.000000
v 19.141588 9.023192 2.000000
v 19.261587 9.023192 0.000000
v 19.141588 9.023192 0.000000
v 19.141588 9.585801 0.000000
v 19.261587 9.585801 0.000000
v 19.261587 9.585801 2.300000
v 19.141588 9.585801 2.300000
v 19.141588 11.475801 2.300000
v 19.261587 11.475801 2.300000
v 19.261587 11.475801 0.000000
v 19.141588 11.475801 0.000000
v 34.001938 41.230209 0.000000
v 34.001938 41.430210 0.000000
v 34.101936 41.430210 0.000000
v 34.101936 41.230209 0.000000
v 34.101936 41.430210 2.300000
v 34.101936 41.230209 2.300000
v 35.991936 41.430210 2.300000
v 35.991936 41.230209 2.300000
v 35.991936 41.430210 0.000000
v 35.991936 41.230209 0.000000
v 40.171936 41.430210 0.000000
v 40.171936 41.230209 0.000000
v 40.171936 41.430210 4.020007
v 40.171936 41.230209 4.020007
v 34.001938 41.230209 4.020007
v 34.001938 41.430210 4.020007
v 33.801937 44.930210 0.000000
v 33.801937 44.930210 4.020007
v 33.801937 41.230209 4.020007
v 33.801937 41.230209 0.000000
v 34.001938 41.230209 4.020007
v 34.001938 41.230209 0.000000
v 34.001938 44.930210 4.020007
v 34.001938 44.930210 0.000000
v 25.611937 18.220001 0.000000
v 25.611937 18.220001 4.020007
v 25.611937 18.620001 4.020007
v 25.611937 18.620001 0.000000
v 25.491938 18.620001 4.020007
v 25.491938 18.620001 0.000000
v 25.491938 18.220001 4.020007
v 25.491938 18.220001 0.000000
v 25.114756 5.860002 0.000000
v 24.994755 5.860002 0.000000
v 24.994755 6.425801 0.000000
v 25.114756 6.425801 0.000000
v 25.114756 6.425801 4.020007
v 24.994755 6.425801 4.020007
v 25.114756 5.860002 4.020007
v 24.994755 5.860002 4.020007
v 25.114756 7.225801 0.000000
v 24.994755 7.225801 0.000000
v 24.994755 7.800002 0.000000
v 25.114756 7.800002 0.000000
v 24.994755 7.800002 4.020007
v 25.114756 7.800002 4.020007
v 25.114756 7.225801 4.020007
v 24.994755 7.225801 4.020007
v 24.994755 0.820000 0.000000
v 24.994755 0.820000 4.020007
v 25.114756 0.820000 4.020007
v 25.114756 0.820000 0.000000
v 25.114756 3.550001 4.020007
v 25.114756 3.550001 0.000000
v 24.994755 3.550001 4.020007
v 24.994755 3.550001 0.000000
v 25.611937 18.220001 0.000000
v 25.611937 18.220001 4.020007
v 25.126928 18.220001 4.020007
v 25.126928 18.220001 0.000000
v 25.126928 18.100002 4.020007
v 25.126928 18.100002 0.000000
v 25.611937 18.100002 4.020007
v 25.611937 18.100002 0.000000
v 25.126928 18.620001 0.000000
v 25.126928 18.620001 4.020007
v 25.006927 18.620001 4.020007
v 25.006927 18.620001 0.000000
v 25.006927 18.100002 4.020007
v 25.006927 18.100002 0.000000
v 25.126928 18.100002 4.020007
v 25.126928 18.100002 0.000000
v 25.491938 14.020001 0.000000
v 25.611937 14.020001 0.000000
v 25.611937 13.425801 0.000000
v 25.491938 13.425801 0.000000
v 25.611937 13.425801 4.020007
v 25.491938 13.425801 4.020007
v 25.491938 14.020001 4.020007
v 25.611937 14.020001 4.020007
v 25.491938 12.625801 0.000000
v 25.611937 12.625801 0.000000
v 25.611937 12.020001 0.000000
v 25.491938 12.020001 0.000000
v 25.611937 12.020001 4.020007
v 25.491938 12.020001 4.020007
v 25.491938 12.625801 4.020007
v 25.611937 12.625801 4.020007
v 25.611937 14.140001 0.000000
v 25.611937 14.140001 4.020007
v 25.116928 14.140001 4.020007
v 25.116928 14.140001 0.000000
v 25.116928 14.020001 4.020007
v 25.116928 14.020001 0.000000
v 25.611937 14.020001 4.020007
v 25.611937 14.020001 0.000000
v 25.611937 12.020001 0.000000
v 25.611937 12.020001 4.020007
v 25.116928 12.020001 4.020007
v 25.116928 12.020001 0.000000
v 25.116928 11.900002 4.020007
v 25.116928 11.900002 0.000000
v 25.611937 11.900002 4.020007
v 25.611937 11.900002 0.000000
v 24.996927 14.140001 0.000000
v 25.116928 14.140001 0.000000
v 25.116928 13.425801 0.000000
v 24.996927 13.425801 0.000000
v 25.116928 13.425801 4.020007
v 24.996927 13.425801 4.020007
v 24.996927 14.140001 4.020007
v 25.116928 14.140001 4.020007
v 24.996927 12.625801 0.000000
v 25.116928 12.625801 0.000000
v 25.116928 11.900002 0.000000
v 24.996927 11.900002 0.000000
v 25.116928 11.900002 4.020007
v 24.996927 11.900002 4.020007
v 24.996927 12.625801 4.020007
v 25.116928 12.625801 4.020007
v 24.994755 7.800002 0.000000
v 24.994755 7.800002 4.020007
v 25.611937 7.800002 4.020007
v 25.611937 7.800002 0.000000
v 25.611937 7.920002 4.020007
v 25.611937 7.920002 0.000000
v 24.994755 7.920002 4.020007
v 24.994755 7.920002 0.000000
v 25.611937 5.860002 0.000000
v 25.491938 5.860002 0.000000
v 25.491938 6.425801 0.000000
v 25.611937 6.425801 0.000000
v 25.611937 6.425801 4.020007
v 25.491938 6.425801 4.020007
v 25.611937 5.860002 4.020007
v 25.491938 5.860002 4.020007
v 25.611937 7.225801 0.000000
v 25.491938 7.225801 0.000000
v 25.491938 7.800002 0.000000
v 25.611937 7.800002 0.000000
v 25.491938 7.800002 4.020007
v 25.611937 7.800002 4.020007
v 25.611937 7.225801 4.020007
v 25.491938 7.225801 4.020007
v 25.611937 5.860002 0.000000
v 25.611937 5.860002 4.020007
v 24.994755 5.860002 4.020007
v 24.994755 5.860002 0.000000
v 24.994755 5.740002 4.020007
v 24.994755 5.740002 0.000000
v 25.611937 5.740002 4.020007
v 25.611937 5.740002 0.000000
v 25.611937 3.670002 0.000000
v 25.611937 3.670002 4.020007
v 24.994755 3.670002 4.020007
v 24.994755 3.670002 0.000000
v 24.994755 3.550001 4.020007
v 24.994755 3.550001 0.000000
v 25.611937 3.550001 4.020007
v 25.611937 3.550001 0.000000
v 25.491938 3.550001 0.000000
v 25.491938 3.550001 4.020007
v 25.491938 0.820001 4.020007
v 25.491938 0.820001 0.000000
v 25.611937 0.820001 4.020007
v 25.611937 0.820001 0.000000
v 25.611937 3.550001 4.020007
v 25.611937 3.550001 0.000000
v 10.421935 40.838264 0.000000
v 10.621936 40.838264 0.000000
v 10.621936 39.891529 0.000000
v 10.421935 39.891529 0.000000
v 10.621936 39.891529 2.300000
v 10.421935 39.891529 2.300000
v 10.621936 38.001530 2.300000
v 10.421935 38.001530 2.300000
v 10.621936 38.001530 0.000000
v 10.421935 38.001530 0.000000
v 10.621936 32.559769 0.000000
v 10.421935 32.559769 0.000000
v 10.621936 32.559769 2.300000
v 10.421935 32.559769 2.300000
v 10.621936 30.669769 2.300000
v 10.421935 30.669769 2.300000
v 10.621936 30.669769 0.000000
v 10.421935 30.669769 0.000000
v 10.621936 25.499794 0.000000
v 10.421935 25.499794 0.000000
v 10.621936 25.499794 4.020007
v 10.421935 25.499794 4.020007
v 10.421935 40.838264 4.020007
v 10.621936 40.838264 4.020007
v 31.411938 56.920586 2.300000
v 31.211937 56.920586 2.300000
v 31.211937 58.810585 2.300000
v 31.411938 58.810585 2.300000
v 31.211937 58.810585 0.000000
v 31.411938 58.810585 0.000000
v 31.211937 59.695000 0.000000
v 31.411938 59.695000 0.000000
v 31.211937 59.695000 2.300000
v 31.411938 59.695000 2.300000
v 31.211937 61.585003 2.300000
v 31.411938 61.585003 2.300000
v 31.211937 61.585003 0.000000
v 31.411938 61.585003 0.000000
v 31.211937 62.375801 0.000000
v 31.411938 62.375801 0.000000
v 31.211937 62.375801 4.020007
v 31.411938 62.375801 4.020007
v 31.211937 56.670586 4.020007
v 31.411938 56.670586 4.020007
v 31.211937 56.670586 0.000000
v 31.411938 56.670586 0.000000
v 31.211937 56.920586 0.000000
v 31.411938 56.920586 0.000000
v 31.411938 68.970001 4.020007
v 31.211937 68.970001 4.020007
v 31.211937 68.970001 0.000000
v 31.411938 68.970001 0.000000
v 31.211937 62.875801 4.020007
v 31.411938 62.875801 4.020007
v 31.211937 62.875801 0.000000
v 31.411938 62.875801 0.000000
v 31.411938 63.120586 0.000000
v 31.211937 63.120586 0.000000
v 31.411938 63.120586 2.300000
v 31.211937 63.120586 2.300000
v 31.411938 65.010582 2.300000
v 31.211937 65.010582 2.300000
v 31.211937 65.010582 0.000000
v 31.411938 65.010582 0.000000
v 22.273241 25.145802 0.000000
v 22.273241 25.145802 4.020007
v 22.273241 31.764795 4.020007
v 22.273241 31.764795 0.000000
v 22.153242 31.764795 4.020007
v 22.153242 31.764795 0.000000
v 22.153242 25.145802 4.020007
v 22.153242 25.145802 0.000000
v 37.375664 53.220016 0.000000
v 37.495663 53.220016 0.000000
v 37.495663 52.520000 0.000000
v 37.375664 52.520000 0.000000
v 37.495663 52.520000 2.100000
v 37.375664 52.520000 2.100000
v 37.495663 51.420002 2.100000
v 37.375664 51.420002 2.100000
v 37.495663 51.420002 0.000000
v 37.375664 51.420002 0.000000
v 37.495663 51.200001 0.000000
v 37.375664 51.200001 0.000000
v 37.495663 51.200001 4.020007
v 37.375664 51.200001 4.020007
v 37.375664 53.220016 4.020007
v 37.495663 53.220016 4.020007
v 7.406937 32.620003 0.000000
v 7.526937 32.620003 0.000000
v 7.526937 32.559769 0.000000
v 7.406937 32.559769 0.000000
v 7.526937 32.559769 2.300000
v 7.406937 32.559769 2.300000
v 7.526937 30.669769 2.300000
v 7.406937 30.669769 2.300000
v 7.526937 30.669769 0.000000
v 7.406937 30.669769 0.000000
v 7.526937 30.641464 0.000000
v 7.406937 30.641464 0.000000
v 7.526937 30.641464 4.020007
v 7.406937 30.641464 4.020007
v 7.406937 32.620003 4.020007
v 7.526937 32.620003 4.020007
v 24.821938 25.260002 2.500000
v 24.821938 25.260002 4.020007
v 19.542862 25.260002 4.020007
v 19.542862 25.260002 2.500000
v 19.542862 25.140001 4.020007
v 19.542862 25.140001 2.500000
v 24.821938 25.140001 4.020007
v 24.821938 25.140001 2.500000
v 19.589766 50.209793 2.500000
v 19.589766 50.209793 4.020007
v 24.806618 50.209793 4.020007
v 24.806618 50.209793 2.500000
v 24.806618 50.329796 4.020007
v 24.806618 50.329796 2.500000
v 19.589766 50.329796 4.020007
v 19.589766 50.329796 2.500000
v 25.040117 57.540001 2.500000
v 25.040117 57.540001 4.020007
v 25.040117 61.500000 4.020007
v 25.040117 61.500000 2.500000
v 24.920116 61.500000 4.020007
v 24.920116 61.500000 2.500000
v 24.920116 57.540001 4.020007
v 24.920116 57.540001 2.500000
v 25.036867 63.740002 2.500000
v 25.036867 63.740002 4.020007
v 25.036867 67.620003 4.020007
v 25.036867 67.620003 2.500000
v 24.916866 67.620003 4.020007
v 24.916866 67.620003 2.500000
v 24.916866 63.740002 4.020007
v 24.916866 63.740002 2.500000
v 40.156937 67.700584 2.500000
v 40.156937 67.700584 4.020007
v 40.156937 63.725002 4.020007
v 40.156937 63.725002 2.500000
v 40.276936 63.725002 4.020007
v 40.276936 63.725002 2.500000
v 40.276936 67.700584 4.020007
v 40.276936 67.700584 2.500000
v 40.171936 61.525002 2.500000
v 40.171936 61.525002 4.020007
v 40.171936 57.527500 4.020007
v 40.171936 57.527500 2.500000
v 40.291939 57.527500 4.020007
v 40.291939 57.527500 2.500000
v 40.291939 61.525002 4.020007
v 40.291939 61.525002 2.500000
v 40.291939 55.259796 2.500000
v 40.291939 55.259796 4.020007
v 40.171936 55.259796 4.020007
v 40.171936 55.259796 2.500000
v 40.171936 53.420017 4.020007
v 40.171936 53.420017 2.500000
v 40.195663 53.420017 4.020007
v 40.195663 53.420017 2.500000
v 40.195663 53.220016 4.020007
v 40.195663 53.220016 2.500000
v 40.171936 53.220016 4.020007
v 40.171936 53.220016 2.500000
v 40.171936 51.320000 4.020007
v 40.171936 51.320000 2.500000
v 40.291939 51.320000 4.020007
v 40.291939 51.320000 2.500000
v 40.171936 49.100002 2.500000
v 40.171936 49.100002 4.020007
v 40.171936 45.130211 4.020007
v 40.171936 45.130211 2.500000
v 40.291939 45.130211 4.020007
v 40.291939 45.130211 2.500000
v 40.291939 49.100002 4.020007
v 40.291939 49.100002 2.500000
v 40.171936 42.910210 2.500000
v 40.171936 42.910210 4.020007
v 40.171936 38.940002 4.020007
v 40.171936 38.940002 2.500000
v 40.291939 38.940002 4.020007
v 40.291939 38.940002 2.500000
v 40.291939 42.910210 4.020007
v 40.291939 42.910210 2.500000
v 40.171936 36.700001 2.500000
v 40.171936 36.700001 4.020007
v 40.171936 32.720001 4.020007
v 40.171936 32.720001 2.500000
v 40.291939 32.720001 4.020007
v 40.291939 32.720001 2.500000
v 40.291939 36.700001 4.020007
v 40.291939 36.700001 2.500000
v 40.176937 30.500002 2.500000
v 40.176937 30.500002 4.020007
v 40.176937 26.540001 4.020007
v 40.176937 26.540001 2.500000
v 40.296936 26.540001 4.020007
v 40.296936 26.540001 2.500000
v 40.296936 30.500002 4.020007
v 40.296936 30.500002 2.500000
v 40.175663 24.300001 2.500000
v 40.175663 24.300001 4.020007
v 40.175663 22.315001 4.020007
v 40.175663 22.315001 2.500000
v 40.295662 22.315001 4.020007
v 40.295662 22.315001 2.500000
v 40.295662 24.300001 4.020007
v 40.295662 24.300001 2.500000
v 4.209445 7.905002 2.500000
v 4.209445 7.905002 4.020007
v 4.209445 11.920001 4.020007
v 4.209445 11.920001 2.500000
v 4.089446 11.920001 4.020007
v 4.089446 11.920001 2.500000
v 4.089446 7.905002 4.020007
v 4.089446 7.905002 2.500000
v 4.225000 14.140001 2.500000
v 4.225000 14.140001 4.020007
v 4.225000 18.120001 4.020007
v 4.225000 18.120001 2.500000
v 4.105000 18.120001 4.020007
v 4.105000 18.120001 2.500000
v 4.105000 14.140001 4.020007
v 4.105000 14.140001 2.500000
v 4.225000 32.740002 2.500000
v 4.225000 32.740002 4.020007
v 4.225000 36.700001 4.020007
v 4.225000 36.700001 2.500000
v 4.105000 36.700001 4.020007
v 4.105000 36.700001 2.500000
v 4.105000 32.740002 4.020007
v 4.105000 32.740002 2.500000
v 4.204500 38.940002 2.500000
v 4.204500 38.940002 4.020007
v 4.204500 42.886528 4.020007
v 4.204500 42.886528 2.500000
v 4.084500 42.886528 4.020007
v 4.084500 42.886528 2.500000
v 4.084500 38.940002 4.020007
v 4.084500 38.940002 2.500000
v 4.231937 45.126530 2.500000
v 4.231937 45.126530 4.020007
v 4.231937 49.060001 4.020007
v 4.231937 49.060001 2.500000
v 4.111937 49.060001 4.020007
v 4.111937 49.060001 2.500000
v 4.111937 45.126530 4.020007
v 4.111937 45.126530 2.500000
v 4.214777 51.340000 2.500000
v 4.214777 51.340000 4.020007
v 4.214777 55.320000 4.020007
v 4.214777 55.320000 2.500000
v 4.094777 55.320000 4.020007
v 4.094777 55.320000 2.500000
v 4.094777 51.340000 4.020007
v 4.094777 51.340000 2.500000
v 31.211937 31.326530 0.000000
v 31.411938 31.326530 0.000000
v 31.411938 31.326530 2.100000
v 31.211937 31.326530 2.100000
v 31.411938 30.226530 2.100000
v 31.211937 30.226530 2.100000
v 31.411938 30.226530 0.000000
v 31.211937 30.226530 0.000000
v 31.411938 28.365002 0.000000
v 31.211937 28.365002 0.000000
v 31.411938 28.365002 2.100000
v 31.211937 28.365002 2.100000
v 31.411938 27.265001 2.100000
v 31.211937 27.265001 2.100000
v 31.411938 27.265001 0.000000
v 31.211937 27.265001 0.000000
v 31.411938 25.520002 0.000000
v 31.211937 25.520002 0.000000
v 31.411938 25.520002 4.020007
v 31.211937 25.520002 4.020007
v 31.411938 31.526529 4.020007
v 31.211937 31.526529 4.020007
v 31.411938 31.526529 0.000000
v 31.211937 31.526529 0.000000
v 31.411938 12.925801 4.020007
v 31.411938 12.925801 0.000000
v 31.411938 13.900002 0.000000
v 31.411938 13.900002 2.500000
v 31.411938 17.860001 2.500000
v 31.411938 17.860001 0.000000
v 31.411938 19.120001 0.000000
v 31.411938 19.120001 4.020007
v 31.211937 12.925801 4.020007
v 31.211937 19.120001 4.020007
v 31.211937 12.925801 0.000000
v 31.211937 13.900002 2.500000
v 31.211937 13.900002 0.000000
v 31.211937 17.860001 2.500000
v 31.211937 17.860001 0.000000
v 31.211937 19.120001 0.000000
v 31.211937 21.910210 2.300000
v 31.411938 21.910210 2.300000
v 31.411938 21.910210 0.000000
v 31.211937 21.910210 0.000000
v 31.411938 20.020210 2.300000
v 31.211937 20.020210 2.300000
v 31.211937 20.020210 0.000000
v 31.411938 20.020210 0.000000
v 31.411938 19.920002 0.000000
v 31.211937 19.920002 0.000000
v 31.211937 19.920002 4.020007
v 31.411938 19.920002 4.020007
v 31.211937 24.720001 4.020007
v 31.411938 24.720001 4.020007
v 31.211937 24.720001 0.000000
v 31.411938 24.720001 0.000000
v 13.181935 34.420002 0.000000
v 12.981936 34.420002 0.000000
v 12.981936 34.620003 0.000000
v 13.181935 34.620003 0.000000
v 12.981936 34.620003 2.000000
v 13.181935 34.620003 2.000000
v 12.981936 38.620003 2.000000
v 13.181935 38.620003 2.000000
v 12.981936 38.620003 0.000000
v 13.181935 38.620003 0.000000
v 12.981936 42.320000 0.000000
v 13.181935 42.320000 0.000000
v 13.181935 42.320000 2.100000
v 12.981936 42.320000 2.100000
v 13.181935 43.420002 2.100000
v 12.981936 43.420002 2.100000
v 13.181935 43.420002 0.000000
v 12.981936 43.420002 0.000000
v 12.981936 44.130001 0.000000
v 13.181935 44.130001 0.000000
v 12.981936 44.130001 4.020007
v 13.181935 44.130001 4.020007
v 13.181935 34.420002 4.020007
v 12.981936 34.420002 4.020007
v 34.006943 72.070000 0.000000
v 34.006943 72.070000 4.020007
v 34.006943 73.657501 4.020007
v 34.006943 73.657501 0.000000
v 33.806942 73.657501 4.020007
v 33.806942 73.657501 0.000000
v 33.806942 72.070000 4.020007
v 33.806942 72.070000 0.000000
v 31.211937 72.528999 0.000000
v 31.411938 72.528999 0.000000
v 31.411938 71.220001 0.000000
v 31.211937 71.220001 0.000000
v 31.411938 71.220001 2.100000
v 31.211937 71.220001 2.100000
v 31.411938 70.220001 2.100000
v 31.211937 70.220001 2.100000
v 31.411938 70.220001 0.000000
v 31.211937 70.220001 0.000000
v 31.411938 69.169998 0.000000
v 31.211937 69.169998 0.000000
v 31.411938 69.169998 4.020007
v 31.211937 69.169998 4.020007
v 31.211937 72.528999 4.020007
v 31.411938 72.528999 4.020007
v 19.589766 46.379795 0.000000
v 19.589766 46.529793 0.000000
v 26.166937 46.529793 0.000000
v 26.166937 46.379795 0.000000
v 26.166937 46.529793 2.300000
v 26.166937 46.379795 2.300000
v 30.256937 46.529793 2.300000
v 30.256937 46.379795 2.300000
v 30.256937 46.529793 0.000000
v 30.256937 46.379795 0.000000
v 31.311937 46.529793 0.000000
v 31.311937 46.379795 0.000000
v 31.311937 46.529793 4.020007
v 31.311937 46.379795 4.020007
v 19.589766 46.379795 4.020007
v 19.589766 46.529793 4.020007
v 31.211937 42.819794 0.000000
v 31.211937 42.619793 0.000000
v 30.501938 42.619793 0.000000
v 30.501938 42.819794 0.000000
v 30.501938 42.619793 2.100000
v 30.501938 42.819794 2.100000
v 28.501938 42.619793 2.100000
v 28.501938 42.819794 2.100000
v 28.501938 42.619793 0.000000
v 28.501938 42.819794 0.000000
v 28.401937 42.619793 0.000000
v 28.401937 42.819794 0.000000
v 28.401937 42.619793 4.020007
v 28.401937 42.819794 4.020007
v 31.211937 42.819794 4.020007
v 31.211937 42.619793 4.020007
v 31.211937 36.819794 0.000000
v 31.211937 36.819794 4.020007
v 28.401937 36.819794 4.020007
v 28.401937 36.819794 0.000000
v 28.401937 36.619793 4.020007
v 28.401937 36.619793 0.000000
v 31.211937 36.619793 4.020007
v 31.211937 36.619793 0.000000
v 9.529765 56.429001 0.000000
v 9.529765 56.429001 4.020007
v 9.529765 56.900002 4.020007
v 9.529765 56.900002 0.000000
v 9.409765 56.900002 4.020007
v 9.409765 56.900002 0.000000
v 9.409765 56.429001 4.020007
v 9.409765 56.429001 0.000000
v 39.496937 25.344795 0.000000
v 39.496937 25.344795 4.020007
v 39.496937 25.494795 4.020007
v 39.496937 25.494795 0.000000
v 34.001938 25.494795 4.020007
v 34.001938 25.494795 0.000000
v 34.001938 25.344795 4.020007
v 34.001938 25.344795 0.000000
v 39.496937 31.544794 0.000000
v 39.496937 31.544794 4.020007
v 39.496937 31.694796 4.020007
v 39.496937 31.694796 0.000000
v 34.001938 31.694796 4.020007
v 34.001938 31.694796 0.000000
v 34.001938 31.544794 4.020007
v 34.001938 31.544794 0.000000
v 17.249765 42.220001 0.000000
v 17.249765 42.220001 4.020007
v 17.249765 44.130001 4.020007
v 17.249765 44.130001 0.000000
v 17.049765 44.130001 4.020007
v 17.049765 44.130001 0.000000
v 17.049765 42.220001 4.020007
v 17.049765 42.220001 0.000000
v 17.949764 46.379795 0.000000
v 17.949764 46.379795 4.020007
v 19.389765 46.379795 4.020007
v 19.389765 46.379795 0.000000
v 19.389765 46.529793 4.020007
v 19.389765 46.529793 0.000000
v 17.949764 46.529793 4.020007
v 17.949764 46.529793 0.000000
v 19.589766 49.825802 0.000000
v 19.589766 49.825802 4.020007
v 19.389765 49.825802 4.020007
v 19.389765 49.825802 0.000000
v 19.389765 46.379795 4.020007
v 19.389765 46.379795 0.000000
v 19.589766 46.379795 4.020007
v 19.589766 46.379795 0.000000
v 17.829765 46.529793 0.000000
v 17.949764 46.529793 0.000000
v 17.949764 46.270000 0.000000
v 17.829765 46.270000 0.000000
v 17.949764 46.270000 2.300000
v 17.829765 46.270000 2.300000
v 17.949764 44.380001 2.300000
v 17.829765 44.380001 2.300000
v 17.949764 44.380001 0.000000
v 17.829765 44.380001 0.000000
v 17.949764 44.330002 0.000000
v 17.829765 44.330002 0.000000
v 17.949764 44.330002 4.020007
v 17.829765 44.330002 4.020007
v 17.829765 46.529793 4.020007
v 17.949764 46.529793 4.020007
v 31.211937 28.715002 0.000000
v 31.211937 28.715002 4.020007
v 25.461937 28.715002 4.020007
v 25.461937 28.715002 0.000000
v 25.461937 28.565001 4.020007
v 25.461937 28.565001 0.000000
v 31.211937 28.565001 4.020007
v 31.211937 28.565001 0.000000
v 19.081938 26.679794 0.000000
v 19.081938 26.679794 4.020007
v 17.177265 26.679794 4.020007
v 17.177265 26.679794 0.000000
v 17.177265 26.559795 4.020007
v 17.177265 26.559795 0.000000
v 19.081938 26.559795 4.020007
v 19.081938 26.559795 0.000000
v 17.177265 25.495001 0.000000
v 17.177265 25.495001 4.020007
v 17.177265 26.679794 4.020007
v 17.177265 26.679794 0.000000
v 17.057264 26.679794 4.020007
v 17.057264 26.679794 0.000000
v 17.057264 25.495001 4.020007
v 17.057264 25.495001 0.000000
v 19.141588 9.485801 0.000000
v 19.141588 9.485801 4.020007
v 13.101935 9.485801 4.020007
v 13.101935 9.485801 0.000000
v 13.101935 9.365801 4.020007
v 13.101935 9.365801 0.000000
v 19.141588 9.365801 4.020007
v 19.141588 9.365801 0.000000
v 13.781936 6.760584 0.000000
v 13.781936 6.760584 4.020007
v 18.801588 6.760584 4.020007
v 18.801588 6.760584 0.000000
v 18.801588 6.880585 4.020007
v 18.801588 6.880585 0.000000
v 13.781936 6.880585 4.020007
v 13.781936 6.880585 0.000000
v 18.796938 0.740585 0.000000
v 18.796938 0.740585 4.020007
v 13.781936 0.740585 4.020007
v 13.781936 0.740585 0.000000
v 13.781936 0.620585 4.020007
v 13.781936 0.620585 0.000000
v 18.796938 0.620585 4.020007
v 18.796938 0.620585 0.000000
v 4.574765 8.230001 0.000000
v 4.574765 8.230001 4.020007
v 4.574765 7.240584 4.020007
v 4.574765 7.240584 0.000000
v 4.724765 7.240584 4.020007
v 4.724765 7.240584 0.000000
v 4.724765 8.230001 4.020007
v 4.724765 8.230001 0.000000
v 8.314765 27.050001 0.000000
v 8.314765 27.050001 4.020007
v 8.314765 25.499794 4.020007
v 8.314765 25.499794 0.000000
v 8.464766 25.499794 4.020007
v 8.464766 25.499794 0.000000
v 8.464766 27.050001 4.020007
v 8.464766 27.050001 0.000000
v 4.499765 31.220585 0.000000
v 4.499765 31.220585 4.020007
v 4.499765 30.641464 4.020007
v 4.499765 30.641464 0.000000
v 4.619765 30.641464 4.020007
v 4.619765 30.641464 0.000000
v 4.619765 31.220585 4.020007
v 4.619765 31.220585 0.000000
v 7.526937 30.641464 0.000000
v 7.526937 30.641464 4.020007
v 4.120000 30.641464 4.020007
v 4.120000 30.641464 0.000000
v 4.120000 30.521465 4.020007
v 4.120000 30.521465 0.000000
v 7.526937 30.521465 4.020007
v 7.526937 30.521465 0.000000
v 4.800000 37.901531 0.000000
v 4.800000 37.901531 4.020007
v 4.800000 37.751530 4.020007
v 4.800000 37.751530 0.000000
v 10.421935 37.751530 4.020007
v 10.421935 37.751530 0.000000
v 10.421935 37.901531 4.020007
v 10.421935 37.901531 0.000000
v 40.395660 75.419998 4.020007
v 40.395660 69.940582 4.020007
v 40.395660 69.940582 2.500000
v 40.395660 71.970001 2.500000
v 40.395660 71.970001 0.000000
v 40.395660 75.419998 0.000000
v 40.195663 69.940582 4.020007
v 40.195663 75.419998 4.020007
v 40.195663 75.419998 0.000000
v 40.195663 71.970001 0.000000
v 40.195663 71.970001 2.500000
v 40.195663 69.940582 2.500000
v 40.279388 69.940582 4.020007
v 39.794765 69.820587 0.000000
v 39.914764 69.820587 0.000000
v 39.914764 69.225800 0.000000
v 39.794765 69.225800 0.000000
v 39.914764 69.225800 4.020007
v 39.794765 69.225800 4.020007
v 39.794765 69.820587 4.020007
v 39.914764 69.820587 4.020007
v 39.794765 68.425804 0.000000
v 39.914764 68.425804 0.000000
v 39.914764 68.420586 0.000000
v 39.794765 68.420586 0.000000
v 39.914764 68.420586 4.020007
v 39.794765 68.420586 4.020007
v 39.794765 68.425804 4.020007
v 39.914764 68.425804 4.020007
v 39.794765 69.820587 0.000000
v 39.794765 69.820587 4.020007
v 40.279388 69.820587 4.020007
v 40.279388 69.820587 0.000000
v 40.279388 69.940582 4.020007
v 40.279388 69.940582 0.000000
v 39.794765 69.940582 4.020007
v 39.794765 69.940582 0.000000
v 40.399387 69.940582 0.000000
v 40.399387 69.940582 4.020007
v 40.279388 69.940582 4.020007
v 40.279388 69.940582 0.000000
v 40.279388 69.820587 4.020007
v 40.279388 69.820587 0.000000
v 40.279388 69.225800 4.020007
v 40.279388 69.225800 0.000000
v 40.396938 69.225800 4.020007
v 40.396938 69.225800 0.000000
v 40.396938 68.425804 4.020007
v 40.396938 68.425804 0.000000
v 40.279388 68.425804 4.020007
v 40.279388 68.425804 0.000000
v 40.279388 67.820587 4.020007
v 40.279388 67.820587 0.000000
v 40.399387 67.820587 4.020007
v 40.399387 67.820587 0.000000
v 40.399387 67.820587 0.000000
v 40.399387 67.820587 4.020007
v 39.916939 67.820587 4.020007
v 39.916939 67.820587 0.000000
v 39.916939 67.700584 4.020007
v 39.916939 67.700584 0.000000
v 40.399387 67.700584 4.020007
v 40.399387 67.700584 0.000000
v 39.916939 67.700584 0.000000
v 39.916939 67.700584 4.020007
v 39.916939 68.420586 4.020007
v 39.916939 68.420586 0.000000
v 39.796936 68.420586 4.020007
v 39.796936 68.420586 0.000000
v 39.796936 67.700584 4.020007
v 39.796936 67.700584 0.000000
v 12.974765 56.524796 0.000000
v 12.974765 56.524796 4.020007
v 13.094766 56.524796 4.020007
v 13.094766 56.524796 0.000000
v 13.094766 56.900002 4.020007
v 13.094766 56.900002 0.000000
v 12.974765 56.900002 4.020007
v 12.974765 56.900002 0.000000
v 35.941936 73.657501 0.000000
v 35.941936 73.657501 4.020007
v 35.941936 74.630890 4.020007
v 35.941936 74.630890 0.000000
v 35.741936 74.630890 4.020007
v 35.741936 74.630890 0.000000
v 35.741936 73.657501 4.020007
v 35.741936 73.657501 0.000000
v 35.741936 73.982498 0.000000
v 35.741936 73.982498 4.020007
v 33.806942 73.982498 4.020007
v 33.806942 73.982498 0.000000
v 33.806942 73.657501 4.020007
v 33.806942 73.657501 0.000000
v 35.741936 73.657501 4.020007
v 35.741936 73.657501 0.000000
v 30.701937 73.720001 0.000000
v 30.701937 73.720001 4.020007
v 31.311937 73.720001 4.020007
v 31.311937 73.720001 0.000000
v 31.311937 73.820000 4.020007
v 31.311937 73.820000 0.000000
v 30.701937 73.820000 4.020007
v 30.701937 73.820000 0.000000
v 31.311937 73.820000 0.000000
v 31.311937 73.820000 4.020007
v 31.311937 72.729004 4.020007
v 31.311937 72.729004 0.000000
v 31.411938 72.729004 4.020007
v 31.411938 72.729004 0.000000
v 31.411938 73.820000 4.020007
v 31.411938 73.820000 0.000000
v 39.496937 68.745583 0.000000
v 39.496937 68.745583 4.020007
v 39.496937 68.895584 4.020007
v 39.496937 68.895584 0.000000
v 34.006943 68.895584 4.020007
v 34.006943 68.895584 0.000000
v 34.006943 68.745583 4.020007
v 34.006943 68.745583 0.000000
v 39.496937 62.545586 0.000000
v 39.496937 62.545586 4.020007
v 39.496937 62.695583 4.020007
v 39.496937 62.695583 0.000000
v 34.006943 62.695583 4.020007
v 34.006943 62.695583 0.000000
v 34.006943 62.545586 4.020007
v 34.006943 62.545586 0.000000
v 34.006943 62.545586 0.000000
v 33.806942 62.545586 0.000000
v 33.806942 62.795586 0.000000
v 34.006943 62.795586 0.000000
v 33.806942 62.795586 2.300000
v 34.006943 62.795586 2.300000
v 33.806942 64.685585 2.300000
v 34.006943 64.685585 2.300000
v 33.806942 64.685585 0.000000
v 34.006943 64.685585 0.000000
v 33.806942 68.995583 0.000000
v 34.006943 68.995583 0.000000
v 33.806942 68.995583 2.300000
v 34.006943 68.995583 2.300000
v 33.806942 70.885582 2.300000
v 34.006943 70.885582 2.300000
v 33.806942 70.885582 0.000000
v 34.006943 70.885582 0.000000
v 33.806942 72.070000 0.000000
v 34.006943 72.070000 0.000000
v 33.806942 72.070000 4.020007
v 34.006943 72.070000 4.020007
v 34.006943 62.545586 4.020007
v 33.806942 62.545586 4.020007
v 30.911938 56.495586 0.000000
v 30.911938 56.495586 4.020007
v 26.015436 56.495586 4.020007
v 26.015436 56.495586 0.000000
v 26.015436 56.345585 4.020007
v 26.015436 56.345585 0.000000
v 30.911938 56.345585 4.020007
v 30.911938 56.345585 0.000000
v 25.075436 59.445000 0.000000
v 25.075436 59.445000 4.020007
v 31.211937 59.445000 4.020007
v 31.211937 59.445000 0.000000
v 31.211937 59.595001 4.020007
v 31.211937 59.595001 0.000000
v 25.075436 59.595001 4.020007
v 25.075436 59.595001 0.000000
v 26.000259 62.545586 0.000000
v 26.000259 62.545586 4.020007
v 30.911938 62.545586 4.020007
v 30.911938 62.545586 0.000000
v 30.911938 62.695583 4.020007
v 30.911938 62.695583 0.000000
v 26.000259 62.695583 4.020007
v 26.000259 62.695583 0.000000
v 25.386936 67.770004 0.000000
v 25.386936 67.770004 4.020007
v 25.386936 68.370003 4.020007
v 25.386936 68.370003 0.000000
v 25.236937 68.370003 4.020007
v 25.236937 68.370003 0.000000
v 25.236937 67.820000 4.020007
v 25.236937 67.820000 0.000000
v 25.311937 67.820000 4.020007
v 25.311937 67.820000 0.000000
v 25.311937 67.770004 4.020007
v 25.311937 67.770004 0.000000
v 25.311937 67.620003 0.000000
v 25.311937 67.620003 4.020007
v 31.211937 67.620003 4.020007
v 31.211937 67.620003 0.000000
v 31.211937 67.770004 4.020007
v 31.211937 67.770004 0.000000
v 25.311937 67.770004 4.020007
v 25.311937 67.770004 0.000000
v 25.613367 50.126530 0.000000
v 25.613367 50.126530 4.020007
v 30.911938 50.126530 4.020007
v 30.911938 50.126530 0.000000
v 30.911938 50.326530 4.020007
v 30.911938 50.326530 0.000000
v 25.613367 50.326530 4.020007
v 25.613367 50.326530 0.000000
v 19.471937 55.420002 0.000000
v 19.471937 55.420002 4.020007
v 19.131937 55.420002 4.020007
v 19.131937 55.420002 0.000000
v 19.131937 55.300003 4.020007
v 19.131937 55.300003 0.000000
v 19.471937 55.300003 4.020007
v 19.471937 55.300003 0.000000
v 19.131937 55.300003 0.000000
v 19.131937 55.300003 4.020007
v 19.131937 56.120003 4.020007
v 19.131937 56.120003 0.000000
v 19.011936 56.120003 4.020007
v 19.011936 56.120003 0.000000
v 19.011936 55.300003 4.020007
v 19.011936 55.300003 0.000000
v 19.591938 56.120003 0.000000
v 19.591938 56.120003 4.020007
v 19.471937 56.120003 4.020007
v 19.471937 56.120003 0.000000
v 19.471937 50.626530 4.020007
v 19.471937 50.626530 0.000000
v 19.591938 50.626530 4.020007
v 19.591938 50.626530 0.000000
v 19.471937 51.320000 0.000000
v 19.471937 51.320000 4.020007
v 19.131937 51.320000 4.020007
v 19.131937 51.320000 0.000000
v 19.131937 51.200001 4.020007
v 19.131937 51.200001 0.000000
v 19.471937 51.200001 4.020007
v 19.471937 51.200001 0.000000
v 19.011936 51.320000 0.000000
v 19.011936 51.320000 4.020007
v 19.011936 50.626530 4.020007
v 19.011936 50.626530 0.000000
v 19.131937 50.626530 4.020007
v 19.131937 50.626530 0.000000
v 19.131937 51.320000 4.020007
v 19.131937 51.320000 0.000000
v 8.491937 50.166531 4.020007
v 8.491937 50.286530 4.020007
v 8.491937 50.286530 0.000000
v 8.491937 50.166531 0.000000
v 8.691937 50.286530 0.000000
v 8.691937 50.166531 0.000000
v 8.691937 50.286530 2.300000
v 8.691937 50.166531 2.300000
v 10.581937 50.286530 2.300000
v 10.581937 50.166531 2.300000
v 10.581937 50.286530 0.000000
v 10.581937 50.166531 0.000000
v 12.981936 50.286530 0.000000
v 12.981936 50.166531 0.000000
v 12.981936 50.286530 4.020007
v 12.981936 50.166531 4.020007
v 14.239765 50.166531 2.300000
v 14.239765 50.286530 2.300000
v 14.239765 50.286530 0.000000
v 14.239765 50.166531 0.000000
v 18.329765 50.286530 2.300000
v 18.329765 50.166531 2.300000
v 18.329765 50.166531 0.000000
v 18.329765 50.286530 0.000000
v 18.793367 50.286530 0.000000
v 18.793367 50.166531 0.000000
v 18.793367 50.166531 4.020007
v 18.793367 50.286530 4.020007
v 13.781936 50.166531 4.020007
v 13.781936 50.286530 4.020007
v 13.781936 50.286530 0.000000
v 13.781936 50.166531 0.000000
v 12.979765 44.330002 0.000000
v 12.979765 44.330002 4.020007
v 13.179765 44.330002 4.020007
v 13.179765 44.330002 0.000000
v 13.179765 49.825802 4.020007
v 13.179765 49.825802 0.000000
v 12.981936 49.825802 4.020007
v 12.981936 49.825802 0.000000
v 12.981936 50.166531 4.020007
v 12.981936 50.166531 0.000000
v 12.979765 50.166531 4.020007
v 12.979765 50.166531 0.000000
v 9.529765 56.429001 0.000000
v 9.529765 56.429001 4.020007
v 4.803101 56.429001 4.020007
v 4.803101 56.429001 0.000000
v 4.803101 56.279003 4.020007
v 4.803101 56.279003 0.000000
v 9.529765 56.279003 4.020007
v 9.529765 56.279003 0.000000
v 40.195663 53.420017 0.000000
v 40.195663 53.420017 4.020007
v 33.901936 53.420017 4.020007
v 33.901936 53.420017 0.000000
v 33.901936 53.220016 4.020007
v 33.901936 53.220016 0.000000
v 40.195663 53.220016 4.020007
v 40.195663 53.220016 0.000000
v 39.791939 45.130211 0.000000
v 39.791939 45.130211 4.020007
v 33.801937 45.130211 4.020007
v 33.801937 45.130211 0.000000
v 33.801937 44.930210 4.020007
v 33.801937 44.930210 0.000000
v 39.791939 44.930210 4.020007
v 39.791939 44.930210 0.000000
v 34.001938 18.740000 0.000000
v 33.801937 18.740000 0.000000
v 33.801937 19.449751 0.000000
v 34.001938 19.449751 0.000000
v 33.801937 19.449751 2.300000
v 34.001938 19.449751 2.300000
v 33.801937 21.339752 2.300000
v 34.001938 21.339752 2.300000
v 33.801937 21.339752 0.000000
v 34.001938 21.339752 0.000000
v 33.801937 25.594795 0.000000
v 34.001938 25.594795 0.000000
v 33.801937 25.594795 2.300000
v 34.001938 25.594795 2.300000
v 33.801937 27.484795 2.300000
v 34.001938 27.484795 2.300000
v 33.801937 27.484795 0.000000
v 34.001938 27.484795 0.000000
v 33.801937 31.694796 0.000000
v 34.001938 31.694796 0.000000
v 33.801937 31.694796 4.020007
v 34.001938 31.694796 4.020007
v 34.001938 18.740000 4.020007
v 33.801937 18.740000 4.020007
v 30.611937 25.515001 0.000000
v 30.611937 25.515001 4.020007
v 25.600260 25.515001 4.020007
v 25.600260 25.515001 0.000000
v 25.600260 25.365002 4.020007
v 25.600260 25.365002 0.000000
v 30.611937 25.365002 4.020007
v 30.611937 25.365002 0.000000
v 25.261936 31.526529 0.000000
v 25.461937 31.526529 0.000000
v 25.461937 25.520002 0.000000
v 25.261936 25.520002 0.000000
v 25.461937 25.520002 4.020007
v 25.261936 25.520002 4.020007
v 25.261936 31.526529 4.020007
v 25.461937 31.526529 4.020007
v 25.261936 24.720001 0.000000
v 25.461937 24.720001 0.000000
v 25.461937 24.456467 0.000000
v 25.261936 24.456467 0.000000
v 25.461937 24.456467 4.020007
v 25.261936 24.456467 4.020007
v 25.261936 24.720001 4.020007
v 25.461937 24.720001 4.020007
v 8.464766 26.950001 0.000000
v 8.464766 26.950001 4.020007
v 10.421935 26.950001 4.020007
v 10.421935 26.950001 0.000000
v 10.421935 27.050001 4.020007
v 10.421935 27.050001 0.000000
v 8.464766 27.050001 4.020007
v 8.464766 27.050001 0.000000
v 19.281937 25.825802 0.000000
v 19.281937 25.825802 4.020007
v 19.281937 31.220585 4.020007
v 19.281937 31.220585 0.000000
v 19.081938 31.220585 4.020007
v 19.081938 31.220585 0.000000
v 19.081938 25.825802 4.020007
v 19.081938 25.825802 0.000000
v 18.801588 25.345001 0.000000
v 18.801588 25.345001 4.020007
v 18.801588 25.495001 4.020007
v 18.801588 25.495001 0.000000
v 17.057264 25.495001 4.020007
v 17.057264 25.495001 0.000000
v 17.057264 25.345001 4.020007
v 17.057264 25.345001 0.000000
v 25.791937 31.764795 0.000000
v 25.791937 31.764795 4.020007
v 30.613367 31.764795 4.020007
v 30.613367 31.764795 0.000000
v 30.613367 31.964794 4.020007
v 30.613367 31.964794 0.000000
v 25.791937 31.964794 4.020007
v 25.791937 31.964794 0.000000
v 19.772589 31.964794 0.000000
v 19.772589 31.764795 0.000000
v 19.772589 31.764795 2.300000
v 19.772589 31.964794 2.300000
v 19.403139 31.764795 0.000000
v 19.403139 31.964794 0.000000
v 19.403139 31.764795 4.020007
v 19.403139 31.964794 4.020007
v 24.991938 31.764795 4.020007
v 24.991938 31.964794 4.020007
v 24.991938 31.764795 0.000000
v 24.991938 31.964794 0.000000
v 24.577589 31.964794 0.000000
v 24.577589 31.764795 0.000000
v 24.577589 31.964794 2.300000
v 24.577589 31.764795 2.300000
v 22.687590 31.964794 2.300000
v 22.687590 31.764795 2.300000
v 22.687590 31.964794 0.000000
v 22.687590 31.764795 0.000000
v 21.662590 31.964794 0.000000
v 21.662590 31.764795 0.000000
v 21.662590 31.964794 2.300000
v 21.662590 31.764795 2.300000
v 4.800000 25.499794 0.000000
v 4.800000 25.499794 4.020007
v 4.800000 25.349794 4.020007
v 4.800000 25.349794 0.000000
v 10.621936 25.349794 4.020007
v 10.621936 25.349794 0.000000
v 10.621936 25.499794 4.020007
v 10.621936 25.499794 0.000000
v 10.621936 40.988266 0.000000
v 10.621936 40.988266 4.020007
v 4.204500 40.988266 4.020007
v 4.204500 40.988266 0.000000
v 4.204500 40.838264 4.020007
v 4.204500 40.838264 0.000000
v 10.621936 40.838264 4.020007
v 10.621936 40.838264 0.000000
v 35.941936 74.630890 0.000000
v 35.941936 74.630890 4.020007
v 35.941936 75.419998 4.020007
v 35.941936 75.419998 0.000000
v 35.741936 75.419998 4.020007
v 35.741936 75.419998 0.000000
v 35.741936 74.630890 4.020007
v 35.741936 74.630890 0.000000
v 35.741936 75.419998 0.000000
v 35.741936 75.419998 4.020007
v 40.395660 75.419998 4.020007
v 40.395660 75.419998 0.000000
v 40.395660 75.620003 4.020007
v 40.395660 75.620003 0.000000
v 35.741936 75.620003 4.020007
v 35.741936 75.620003 0.000000
v 28.151937 72.528999 0.000000
v 28.351936 72.528999 0.000000
v 28.351936 71.474503 0.000000
v 28.151937 71.474503 0.000000
v 28.351936 71.474503 2.400000
v 28.151937 71.474503 2.400000
v 28.351936 70.224503 2.400000
v 28.151937 70.224503 2.400000
v 28.351936 70.224503 0.000000
v 28.151937 70.224503 0.000000
v 28.351936 69.169998 0.000000
v 28.151937 69.169998 0.000000
v 28.351936 69.169998 4.020007
v 28.151937 69.169998 4.020007
v 28.151937 72.528999 4.020007
v 28.351936 72.528999 4.020007
v 25.013367 75.419998 0.000000
v 25.013367 75.419998 4.020007
v 30.501938 75.419998 4.020007
v 30.501938 75.419998 0.000000
v 30.501938 75.620003 4.020007
v 30.501938 75.620003 0.000000
v 25.013367 75.620003 4.020007
v 25.013367 75.620003 0.000000
v 30.501938 75.620003 0.000000
v 30.501938 75.620003 4.020007
v 30.501938 72.729004 4.020007
v 30.501938 72.729004 0.000000
v 30.701937 72.729004 4.020007
v 30.701937 72.729004 0.000000
v 30.701937 75.620003 4.020007
v 30.701937 75.620003 0.000000
v 31.211937 44.320000 0.000000
v 31.211937 44.320000 4.020007
v 31.211937 34.220001 4.020007
v 31.211937 34.220001 0.000000
v 31.411938 34.220001 4.020007
v 31.411938 34.220001 0.000000
v 31.411938 44.320000 4.020007
v 31.411938 44.320000 0.000000
v 25.013367 68.970001 0.000000
v 25.013367 69.169998 0.000000
v 25.200260 69.169998 0.000000
v 25.200260 68.970001 0.000000
v 25.200260 68.970001 4.020007
v 25.200260 69.169998 4.020007
v 25.013367 68.970001 4.020007
v 25.013367 69.169998 4.020007
v 26.000259 68.970001 0.000000
v 26.000259 69.169998 0.000000
v 31.411938 69.169998 0.000000
v 31.411938 68.970001 0.000000
v 31.411938 69.169998 4.020007
v 31.411938 68.970001 4.020007
v 26.000259 68.970001 4.020007
v 26.000259 69.169998 4.020007
v 25.311937 67.820000 0.000000
v 25.311937 67.820000 4.020007
v 24.813368 67.820000 4.020007
v 24.813368 67.820000 0.000000
v 24.813368 67.620003 4.020007
v 24.813368 67.620003 0.000000
v 25.311937 67.620003 4.020007
v 25.311937 67.620003 0.000000
v 24.813368 75.620003 0.000000
v 25.013367 75.620003 0.000000
v 25.013367 75.620003 4.020007
v 24.813368 75.620003 4.020007
v 24.813368 67.820000 0.000000
v 25.013367 67.820000 0.000000
v 25.013367 67.820000 4.020007
v 24.813368 67.820000 4.020007
v 24.813368 74.674500 2.100000
v 25.013367 74.674500 2.100000
v 25.013367 74.674500 0.900000
v 24.813368 74.674500 0.900000
v 25.013367 73.474503 0.900000
v 24.813368 73.474503 0.900000
v 25.013367 73.474503 2.100000
v 24.813368 73.474503 2.100000
v 31.411938 72.729004 0.000000
v 31.411938 72.528999 0.000000
v 30.451937 72.528999 0.000000
v 30.451937 72.729004 0.000000
v 30.451937 72.528999 2.100000
v 30.451937 72.729004 2.100000
v 29.451937 72.528999 2.100000
v 29.451937 72.729004 2.100000
v 29.451937 72.528999 0.000000
v 29.451937 72.729004 0.000000
v 25.013367 72.528999 0.000000
v 25.013367 72.729004 0.000000
v 25.013367 72.528999 4.020007
v 25.013367 72.729004 4.020007
v 31.411938 72.729004 4.020007
v 31.411938 72.528999 4.020007
v 25.406937 50.626530 0.000000
v 25.406937 50.626530 4.020007
v 25.406937 51.200001 4.020007
v 25.406937 51.200001 0.000000
v 25.286938 51.200001 4.020007
v 25.286938 51.200001 0.000000
v 25.286938 50.626530 4.020007
v 25.286938 50.626530 0.000000
v 25.406937 51.320000 0.000000
v 25.406937 51.320000 4.020007
v 24.926619 51.320000 4.020007
v 24.926619 51.320000 0.000000
v 24.926619 51.200001 4.020007
v 24.926619 51.200001 0.000000
v 25.406937 51.200001 4.020007
v 25.406937 51.200001 0.000000
v 25.415436 55.440002 0.000000
v 25.415436 55.440002 4.020007
v 24.926619 55.440002 4.020007
v 24.926619 55.440002 0.000000
v 24.926619 55.320000 4.020007
v 24.926619 55.320000 0.000000
v 25.415436 55.320000 4.020007
v 25.415436 55.320000 0.000000
v 24.806618 50.126530 0.000000
v 24.806618 50.126530 4.020007
v 24.813368 50.126530 4.020007
v 24.813368 50.126530 0.000000
v 24.813368 50.625801 4.020007
v 24.813368 50.625801 0.000000
v 24.926619 50.625801 4.020007
v 24.926619 50.625801 0.000000
v 24.926619 51.200001 4.020007
v 24.926619 51.200001 0.000000
v 24.926619 51.320000 4.020007
v 24.926619 51.320000 0.000000
v 24.926619 55.320000 4.020007
v 24.926619 55.320000 0.000000
v 24.926619 55.440002 4.020007
v 24.926619 55.440002 0.000000
v 24.926619 57.420002 4.020007
v 24.926619 57.420002 0.000000
v 24.806618 57.420002 4.020007
v 24.806618 57.420002 0.000000
v 24.806618 57.420002 0.000000
v 24.806618 57.420002 4.020007
v 25.295437 57.420002 4.020007
v 25.295437 57.420002 0.000000
v 25.295437 57.540001 4.020007
v 25.295437 57.540001 0.000000
v 24.806618 57.540001 4.020007
v 24.806618 57.540001 0.000000
v 25.415436 55.440002 0.000000
v 25.295437 55.440002 0.000000
v 25.295437 56.020584 0.000000
v 25.415436 56.020584 0.000000
v 25.415436 56.020584 4.020007
v 25.295437 56.020584 4.020007
v 25.415436 55.440002 4.020007
v 25.295437 55.440002 4.020007
v 25.415436 56.820583 0.000000
v 25.295437 56.820583 0.000000
v 25.295437 57.540001 0.000000
v 25.415436 57.540001 0.000000
v 25.295437 57.540001 4.020007
v 25.415436 57.540001 4.020007
v 25.415436 56.820583 4.020007
v 25.295437 56.820583 4.020007
v 24.933367 61.500000 0.000000
v 24.933367 61.500000 4.020007
v 25.288687 61.500000 4.020007
v 25.288687 61.500000 0.000000
v 25.288687 61.620003 4.020007
v 25.288687 61.620003 0.000000
v 24.933367 61.620003 4.020007
v 24.933367 61.620003 0.000000
v 25.408688 61.500000 0.000000
v 25.408688 61.500000 4.020007
v 25.408688 62.220585 4.020007
v 25.408688 62.220585 0.000000
v 25.288687 62.220585 4.020007
v 25.288687 62.220585 0.000000
v 25.288687 61.500000 4.020007
v 25.288687 61.500000 0.000000
v 24.933367 61.500000 0.000000
v 24.933367 61.500000 4.020007
v 24.933367 63.620003 4.020007
v 24.933367 63.620003 0.000000
v 24.813368 63.620003 4.020007
v 24.813368 63.620003 0.000000
v 24.813368 61.500000 4.020007
v 24.813368 61.500000 0.000000
v 24.813368 63.620003 0.000000
v 24.813368 63.620003 4.020007
v 25.286938 63.620003 4.020007
v 25.286938 63.620003 0.000000
v 25.286938 63.740002 4.020007
v 25.286938 63.740002 0.000000
v 24.813368 63.740002 4.020007
v 24.813368 63.740002 0.000000
v 25.406937 62.220585 0.000000
v 25.286938 62.220585 0.000000
v 25.286938 62.225800 0.000000
v 25.406937 62.225800 0.000000
v 25.406937 62.225800 4.020007
v 25.286938 62.225800 4.020007
v 25.406937 62.220585 4.020007
v 25.286938 62.220585 4.020007
v 25.406937 63.025803 0.000000
v 25.286938 63.025803 0.000000
v 25.286938 63.740002 0.000000
v 25.406937 63.740002 0.000000
v 25.286938 63.740002 4.020007
v 25.406937 63.740002 4.020007
v 25.406937 63.025803 4.020007
v 25.286938 63.025803 4.020007
v 39.806938 63.025803 0.000000
v 39.806938 63.025803 4.020007
v 39.926937 63.025803 4.020007
v 39.926937 63.025803 0.000000
v 39.926937 63.605003 4.020007
v 39.926937 63.605003 0.000000
v 39.806938 63.605003 4.020007
v 39.806938 63.605003 0.000000
v 39.806938 63.605003 0.000000
v 39.806938 63.605003 4.020007
v 40.276936 63.605003 4.020007
v 40.276936 63.605003 0.000000
v 40.276936 63.725002 4.020007
v 40.276936 63.725002 0.000000
v 39.806938 63.725002 4.020007
v 39.806938 63.725002 0.000000
v 40.396938 61.645000 0.000000
v 40.276936 61.645000 0.000000
v 40.276936 62.225800 0.000000
v 40.396938 62.225800 0.000000
v 40.396938 62.225800 4.020007
v 40.276936 62.225800 4.020007
v 40.396938 61.645000 4.020007
v 40.276936 61.645000 4.020007
v 40.396938 63.025803 0.000000
v 40.276936 63.025803 0.000000
v 40.276936 63.725002 0.000000
v 40.396938 63.725002 0.000000
v 40.276936 63.725002 4.020007
v 40.396938 63.725002 4.020007
v 40.396938 63.025803 4.020007
v 40.276936 63.025803 4.020007
v 40.396938 61.645000 0.000000
v 40.396938 61.645000 4.020007
v 39.926937 61.645000 4.020007
v 39.926937 61.645000 0.000000
v 39.926937 61.525002 4.020007
v 39.926937 61.525002 0.000000
v 40.396938 61.525002 4.020007
v 40.396938 61.525002 0.000000
v 39.926937 61.525002 0.000000
v 39.926937 61.525002 4.020007
v 39.926937 62.220585 4.020007
v 39.926937 62.220585 0.000000
v 39.806938 62.220585 4.020007
v 39.806938 62.220585 0.000000
v 39.806938 61.525002 4.020007
v 39.806938 61.525002 0.000000
v 40.391937 55.379795 0.000000
v 40.391937 55.379795 4.020007
v 39.916939 55.379795 4.020007
v 39.916939 55.379795 0.000000
v 39.916939 55.259796 4.020007
v 39.916939 55.259796 0.000000
v 40.391937 55.259796 4.020007
v 40.391937 55.259796 0.000000
v 39.796936 57.407501 0.000000
v 39.916939 57.407501 0.000000
v 39.916939 56.825802 0.000000
v 39.796936 56.825802 0.000000
v 39.916939 56.825802 4.020007
v 39.796936 56.825802 4.020007
v 39.796936 57.407501 4.020007
v 39.916939 57.407501 4.020007
v 39.796936 56.025803 0.000000
v 39.916939 56.025803 0.000000
v 39.916939 55.259796 0.000000
v 39.796936 55.259796 0.000000
v 39.916939 55.259796 4.020007
v 39.796936 55.259796 4.020007
v 39.796936 56.025803 4.020007
v 39.916939 56.025803 4.020007
v 39.796936 57.407501 0.000000
v 39.796936 57.407501 4.020007
v 40.271938 57.407501 4.020007
v 40.271938 57.407501 0.000000
v 40.271938 57.527500 4.020007
v 40.271938 57.527500 0.000000
v 39.796936 57.527500 4.020007
v 39.796936 57.527500 0.000000
v 40.391937 55.379795 0.000000
v 40.271938 55.379795 0.000000
v 40.271938 56.025803 0.000000
v 40.391937 56.025803 0.000000
v 40.391937 56.025803 4.020007
v 40.271938 56.025803 4.020007
v 40.391937 55.379795 4.020007
v 40.271938 55.379795 4.020007
v 40.391937 56.825802 0.000000
v 40.271938 56.825802 0.000000
v 40.271938 57.527500 0.000000
v 40.391937 57.527500 0.000000
v 40.271938 57.527500 4.020007
v 40.391937 57.527500 4.020007
v 40.391937 56.825802 4.020007
v 40.271938 56.825802 4.020007
v 37.495663 51.200001 0.000000
v 37.495663 51.200001 4.020007
v 40.276936 51.200001 4.020007
v 40.276936 51.200001 0.000000
v 40.276936 51.320000 4.020007
v 40.276936 51.320000 0.000000
v 37.495663 51.320000 4.020007
v 37.495663 51.320000 0.000000
v 40.396938 49.220001 0.000000
v 40.276936 49.220001 0.000000
v 40.276936 49.825802 0.000000
v 40.396938 49.825802 0.000000
v 40.396938 49.825802 4.020007
v 40.276936 49.825802 4.020007
v 40.396938 49.220001 4.020007
v 40.276936 49.220001 4.020007
v 40.396938 50.625801 0.000000
v 40.276936 50.625801 0.000000
v 40.276936 51.320000 0.000000
v 40.396938 51.320000 0.000000
v 40.276936 51.320000 4.020007
v 40.396938 51.320000 4.020007
v 40.396938 50.625801 4.020007
v 40.276936 50.625801 4.020007
v 40.396938 49.220001 0.000000
v 40.396938 49.220001 4.020007
v 39.901936 49.220001 4.020007
v 39.901936 49.220001 0.000000
v 39.901936 49.100002 4.020007
v 39.901936 49.100002 0.000000
v 40.396938 49.100002 4.020007
v 40.396938 49.100002 0.000000
v 39.781937 51.200001 0.000000
v 39.901936 51.200001 0.000000
v 39.901936 50.625801 0.000000
v 39.781937 50.625801 0.000000
v 39.901936 50.625801 4.020007
v 39.781937 50.625801 4.020007
v 39.781937 51.200001 4.020007
v 39.901936 51.200001 4.020007
v 39.781937 49.825802 0.000000
v 39.901936 49.825802 0.000000
v 39.901936 49.100002 0.000000
v 39.781937 49.100002 0.000000
v 39.901936 49.100002 4.020007
v 39.781937 49.100002 4.020007
v 39.781937 49.825802 4.020007
v 39.901936 49.825802 4.020007
v 39.791939 45.010212 0.000000
v 39.911938 45.010212 0.000000
v 39.911938 44.425800 0.000000
v 39.791939 44.425800 0.000000
v 39.911938 44.425800 4.020007
v 39.791939 44.425800 4.020007
v 39.791939 45.010212 4.020007
v 39.911938 45.010212 4.020007
v 39.791939 43.625801 0.000000
v 39.911938 43.625801 0.000000
v 39.911938 42.910210 0.000000
v 39.791939 42.910210 0.000000
v 39.911938 42.910210 4.020007
v 39.791939 42.910210 4.020007
v 39.791939 43.625801 4.020007
v 39.911938 43.625801 4.020007
v 39.791939 45.010212 0.000000
v 39.791939 45.010212 4.020007
v 40.276936 45.010212 4.020007
v 40.276936 45.010212 0.000000
v 40.276936 45.130211 4.020007
v 40.276936 45.130211 0.000000
v 39.791939 45.130211 4.020007
v 39.791939 45.130211 0.000000
v 40.396938 43.030209 0.000000
v 40.276936 43.030209 0.000000
v 40.276936 43.625801 0.000000
v 40.396938 43.625801 0.000000
v 40.396938 43.625801 4.020007
v 40.276936 43.625801 4.020007
v 40.396938 43.030209 4.020007
v 40.276936 43.030209 4.020007
v 40.396938 44.425800 0.000000
v 40.276936 44.425800 0.000000
v 40.276936 45.130211 0.000000
v 40.396938 45.130211 0.000000
v 40.276936 45.130211 4.020007
v 40.396938 45.130211 4.020007
v 40.396938 44.425800 4.020007
v 40.276936 44.425800 4.020007
v 40.396938 43.030209 0.000000
v 40.396938 43.030209 4.020007
v 39.911938 43.030209 4.020007
v 39.911938 43.030209 0.000000
v 39.911938 42.910210 4.020007
v 39.911938 42.910210 0.000000
v 40.396938 42.910210 4.020007
v 40.396938 42.910210 0.000000
v 39.796936 38.820000 0.000000
v 39.916939 38.820000 0.000000
v 39.916939 38.225800 0.000000
v 39.796936 38.225800 0.000000
v 39.916939 38.225800 4.020007
v 39.796936 38.225800 4.020007
v 39.796936 38.820000 4.020007
v 39.916939 38.820000 4.020007
v 39.796936 37.425800 0.000000
v 39.916939 37.425800 0.000000
v 39.916939 36.700001 0.000000
v 39.796936 36.700001 0.000000
v 39.916939 36.700001 4.020007
v 39.796936 36.700001 4.020007
v 39.796936 37.425800 4.020007
v 39.916939 37.425800 4.020007
v 39.796936 38.820000 0.000000
v 39.796936 38.820000 4.020007
v 40.276936 38.820000 4.020007
v 40.276936 38.820000 0.000000
v 40.276936 38.940002 4.020007
v 40.276936 38.940002 0.000000
v 39.796936 38.940002 4.020007
v 39.796936 38.940002 0.000000
v 40.396938 36.820000 0.000000
v 40.276936 36.820000 0.000000
v 40.276936 37.425800 0.000000
v 40.396938 37.425800 0.000000
v 40.396938 37.425800 4.020007
v 40.276936 37.425800 4.020007
v 40.396938 36.820000 4.020007
v 40.276936 36.820000 4.020007
v 40.396938 38.225800 0.000000
v 40.276936 38.225800 0.000000
v 40.276936 38.940002 0.000000
v 40.396938 38.940002 0.000000
v 40.276936 38.940002 4.020007
v 40.396938 38.940002 4.020007
v 40.396938 38.225800 4.020007
v 40.276936 38.225800 4.020007
v 40.396938 36.820000 0.000000
v 40.396938 36.820000 4.020007
v 39.916939 36.820000 4.020007
v 39.916939 36.820000 0.000000
v 39.916939 36.700001 4.020007
v 39.916939 36.700001 0.000000
v 40.396938 36.700001 4.020007
v 40.396938 36.700001 0.000000
v 39.796936 32.600002 0.000000
v 39.796936 32.600002 4.020007
v 40.271439 32.600002 4.020007
v 40.271439 32.600002 0.000000
v 40.271439 32.720001 4.020007
v 40.271439 32.720001 0.000000
v 39.796936 32.720001 4.020007
v 39.796936 32.720001 0.000000
v 40.391438 30.620001 0.000000
v 40.271439 30.620001 0.000000
v 40.271439 31.225801 0.000000
v 40.391438 31.225801 0.000000
v 40.391438 31.225801 4.020007
v 40.271439 31.225801 4.020007
v 40.391438 30.620001 4.020007
v 40.271439 30.620001 4.020007
v 40.391438 32.025803 0.000000
v 40.271439 32.025803 0.000000
v 40.271439 32.720001 0.000000
v 40.391438 32.720001 0.000000
v 40.271439 32.720001 4.020007
v 40.391438 32.720001 4.020007
v 40.391438 32.025803 4.020007
v 40.271439 32.025803 4.020007
v 40.391438 30.620001 0.000000
v 40.391438 30.620001 4.020007
v 39.916939 30.620001 4.020007
v 39.916939 30.620001 0.000000
v 39.916939 30.500002 4.020007
v 39.916939 30.500002 0.000000
v 40.391438 30.500002 4.020007
v 40.391438 30.500002 0.000000
v 39.796936 32.600002 0.000000
v 39.916939 32.600002 0.000000
v 39.916939 32.025803 0.000000
v 39.796936 32.025803 0.000000
v 39.916939 32.025803 4.020007
v 39.796936 32.025803 4.020007
v 39.796936 32.600002 4.020007
v 39.916939 32.600002 4.020007
v 39.796936 31.225801 0.000000
v 39.916939 31.225801 0.000000
v 39.916939 30.500002 0.000000
v 39.796936 30.500002 0.000000
v 39.916939 30.500002 4.020007
v 39.796936 30.500002 4.020007
v 39.796936 31.225801 4.020007
v 39.916939 31.225801 4.020007
v 39.796936 25.825802 0.000000
v 39.796936 25.825802 4.020007
v 39.916939 25.825802 4.020007
v 39.916939 25.825802 0.000000
v 39.916939 26.420002 4.020007
v 39.916939 26.420002 0.000000
v 39.796936 26.420002 4.020007
v 39.796936 26.420002 0.000000
v 39.796936 26.420002 0.000000
v 39.796936 26.420002 4.020007
v 40.276936 26.420002 4.020007
v 40.276936 26.420002 0.000000
v 40.276936 26.540001 4.020007
v 40.276936 26.540001 0.000000
v 39.796936 26.540001 4.020007
v 39.796936 26.540001 0.000000
v 40.396938 24.420002 0.000000
v 40.276936 24.420002 0.000000
v 40.276936 25.025801 0.000000
v 40.396938 25.025801 0.000000
v 40.396938 25.025801 4.020007
v 40.276936 25.025801 4.020007
v 40.396938 24.420002 4.020007
v 40.276936 24.420002 4.020007
v 40.396938 25.825802 0.000000
v 40.276936 25.825802 0.000000
v 40.276936 26.540001 0.000000
v 40.396938 26.540001 0.000000
v 40.276936 26.540001 4.020007
v 40.396938 26.540001 4.020007
v 40.396938 25.825802 4.020007
v 40.276936 25.825802 4.020007
v 40.396938 24.420002 0.000000
v 40.396938 24.420002 4.020007
v 39.916939 24.420002 4.020007
v 39.916939 24.420002 0.000000
v 39.916939 24.300001 4.020007
v 39.916939 24.300001 0.000000
v 40.396938 24.300001 4.020007
v 40.396938 24.300001 0.000000
v 39.916939 25.025801 0.000000
v 39.916939 25.025801 4.020007
v 39.796936 25.025801 4.020007
v 39.796936 25.025801 0.000000
v 39.796936 24.300001 4.020007
v 39.796936 24.300001 0.000000
v 39.916939 24.300001 4.020007
v 39.916939 24.300001 0.000000
v 39.796936 19.460209 0.000000
v 39.796936 19.460209 4.020007
v 39.916939 19.460209 4.020007
v 39.916939 19.460209 0.000000
v 39.916939 22.195002 4.020007
v 39.916939 22.195002 0.000000
v 39.796936 22.195002 4.020007
v 39.796936 22.195002 0.000000
v 39.796936 22.195002 0.000000
v 39.796936 22.195002 4.020007
v 40.275661 22.195002 4.020007
v 40.275661 22.195002 0.000000
v 40.275661 22.315001 4.020007
v 40.275661 22.315001 0.000000
v 39.796936 22.315001 4.020007
v 39.796936 22.315001 0.000000
v 40.275661 19.460209 0.000000
v 40.275661 19.460209 4.020007
v 40.395660 19.460209 4.020007
v 40.395660 19.460209 0.000000
v 40.395660 22.315001 4.020007
v 40.395660 22.315001 0.000000
v 40.275661 22.315001 4.020007
v 40.275661 22.315001 0.000000
v 39.596935 18.620001 0.000000
v 39.596935 18.620001 4.020007
v 39.596935 18.740000 4.020007
v 39.596935 18.740000 0.000000
v 33.801937 18.740000 4.020007
v 33.801937 18.740000 0.000000
v 33.801937 18.620001 4.020007
v 33.801937 18.620001 0.000000
v 30.611937 19.120211 0.000000
v 30.611937 19.120211 4.020007
v 30.611937 19.240210 4.020007
v 30.611937 19.240210 0.000000
v 29.711937 19.240210 4.020007
v 29.711937 19.240210 0.000000
v 29.711937 19.120211 4.020007
v 29.711937 19.120211 0.000000
v 29.711937 19.120211 0.000000
v 29.711937 19.120211 4.020007
v 29.711937 18.740000 4.020007
v 29.711937 18.740000 0.000000
v 29.831938 18.740000 4.020007
v 29.831938 18.740000 0.000000
v 29.831938 19.120211 4.020007
v 29.831938 19.120211 0.000000
v 31.211937 18.740000 0.000000
v 31.211937 18.740000 4.020007
v 25.613140 18.740000 4.020007
v 25.613140 18.740000 0.000000
v 25.613140 18.620001 4.020007
v 25.613140 18.620001 0.000000
v 31.211937 18.620001 4.020007
v 31.211937 18.620001 0.000000
v 24.963242 19.420002 0.000000
v 24.963242 19.420002 4.020007
v 24.963242 24.336466 4.020007
v 24.963242 24.336466 0.000000
v 24.813242 24.336466 4.020007
v 24.813242 24.336466 0.000000
v 24.813242 19.420002 4.020007
v 24.813242 19.420002 0.000000
v 19.101917 24.336466 0.000000
v 19.101917 24.336466 4.020007
v 25.461937 24.336466 4.020007
v 25.461937 24.336466 0.000000
v 25.461937 24.456467 4.020007
v 25.461937 24.456467 0.000000
v 19.101917 24.456467 4.020007
v 19.101917 24.456467 0.000000
v 19.601587 25.145802 0.000000
v 19.601587 25.145802 4.020007
v 19.601587 25.025801 4.020007
v 19.601587 25.025801 0.000000
v 24.800261 25.025801 4.020007
v 24.800261 25.025801 0.000000
v 24.800261 25.145802 4.020007
v 24.800261 25.145802 0.000000
v 19.101917 25.025801 0.000000
v 19.101917 25.025801 4.020007
v 18.981918 25.025801 4.020007
v 18.981918 25.025801 0.000000
v 18.981918 24.336466 4.020007
v 18.981918 24.336466 0.000000
v 19.101917 24.336466 4.020007
v 19.101917 24.336466 0.000000
v 19.601587 19.625801 0.000000
v 19.451588 19.625801 0.000000
v 19.451588 19.625801 4.020007
v 19.601587 19.625801 4.020007
v 19.601587 24.336466 0.000000
v 19.451588 24.336466 0.000000
v 19.451588 24.336466 4.020007
v 19.601587 24.336466 4.020007
v 19.601587 20.059553 1.000000
v 19.451588 20.059553 1.000000
v 19.451588 20.059553 3.000007
v 19.601587 20.059553 3.000007
v 19.451588 24.019554 3.000007
v 19.601587 24.019554 3.000007
v 19.451588 24.019554 1.000000
v 19.601587 24.019554 1.000000
v 19.601587 14.191466 0.000000
v 19.451588 14.191466 0.000000
v 19.451588 14.191466 2.300000
v 19.601587 14.191466 2.300000
v 19.451588 18.281466 2.300000
v 19.601587 18.281466 2.300000
v 19.451588 18.281466 0.000000
v 19.601587 18.281466 0.000000
v 19.451588 18.825802 0.000000
v 19.601587 18.825802 0.000000
v 19.451588 18.825802 4.020007
v 19.601587 18.825802 4.020007
v 19.451588 13.425801 4.020007
v 19.601587 13.425801 4.020007
v 19.451588 13.425801 0.000000
v 19.601587 13.425801 0.000000
v 13.101935 0.020000 0.000000
v 13.101935 0.220000 0.000000
v 18.796938 0.220000 0.000000
v 18.796938 0.020000 0.000000
v 18.796938 0.020000 4.020007
v 18.796938 0.220000 4.020007
v 13.101935 0.020000 4.020007
v 13.101935 0.220000 4.020007
v 19.596937 0.020000 0.000000
v 19.596937 0.220000 0.000000
v 24.811937 0.220000 0.000000
v 24.811937 0.020000 0.000000
v 24.811937 0.220000 4.020007
v 24.811937 0.020000 4.020007
v 19.596937 0.020000 4.020007
v 19.596937 0.220000 4.020007
v 13.101935 0.020000 0.000000
v 13.101935 0.020000 4.020007
v 13.101935 0.620585 4.020007
v 13.101935 0.620585 0.000000
v 12.981936 0.620585 4.020007
v 12.981936 0.620585 0.000000
v 12.981936 0.020000 4.020007
v 12.981936 0.020000 0.000000
v 25.191936 34.220001 0.000000
v 24.991938 34.220001 0.000000
v 24.991938 34.845001 0.000000
v 25.191936 34.845001 0.000000
v 24.991938 34.845001 2.400000
v 25.191936 34.845001 2.400000
v 24.991938 36.095001 2.400000
v 25.191936 36.095001 2.400000
v 24.991938 36.095001 0.000000
v 25.191936 36.095001 0.000000
v 24.991938 37.294933 0.000000
v 25.191936 37.294933 0.000000
v 24.991938 37.294933 2.400000
v 25.191936 37.294933 2.400000
v 24.991938 38.544933 2.400000
v 25.191936 38.544933 2.400000
v 24.991938 38.544933 0.000000
v 25.191936 38.544933 0.000000
v 24.991938 39.744865 0.000000
v 25.191936 39.744865 0.000000
v 24.991938 39.744865 2.400000
v 25.191936 39.744865 2.400000
v 24.991938 40.994865 2.400000
v 25.191936 40.994865 2.400000
v 24.991938 40.994865 0.000000
v 25.191936 40.994865 0.000000
v 24.991938 42.194794 0.000000
v 25.191936 42.194794 0.000000
v 24.991938 42.194794 2.400000
v 25.191936 42.194794 2.400000
v 24.991938 43.444794 2.400000
v 25.191936 43.444794 2.400000
v 24.991938 43.444794 0.000000
v 25.191936 43.444794 0.000000
v 24.991938 44.120003 0.000000
v 25.191936 44.120003 0.000000
v 24.991938 44.120003 4.020007
v 25.191936 44.120003 4.020007
v 25.191936 34.220001 4.020007
v 24.991938 34.220001 4.020007
v 24.991938 34.020000 0.000000
v 24.991938 34.020000 4.020007
v 31.411938 34.020000 4.020007
v 31.411938 34.020000 0.000000
v 31.411938 34.220001 4.020007
v 31.411938 34.220001 0.000000
v 24.991938 34.220001 4.020007
v 24.991938 34.220001 0.000000
v 28.401937 34.220001 0.000000
v 28.401937 34.220001 4.020007
v 28.401937 44.120003 4.020007
v 28.401937 44.120003 0.000000
v 28.201937 44.120003 4.020007
v 28.201937 44.120003 0.000000
v 28.201937 34.220001 4.020007
v 28.201937 34.220001 0.000000
v 31.211937 44.320000 0.000000
v 31.211937 44.120003 0.000000
v 30.501938 44.120003 0.000000
v 30.501938 44.320000 0.000000
v 30.501938 44.120003 2.100000
v 30.501938 44.320000 2.100000
v 28.501938 44.120003 2.100000
v 28.501938 44.320000 2.100000
v 28.501938 44.120003 0.000000
v 28.501938 44.320000 0.000000
v 24.991938 44.120003 0.000000
v 24.991938 44.320000 0.000000
v 24.991938 44.120003 4.020007
v 24.991938 44.320000 4.020007
v 31.211937 44.320000 4.020007
v 31.211937 44.120003 4.020007
v 16.901937 34.420002 0.000000
v 16.901937 34.420002 4.020007
v 16.901937 42.020000 4.020007
v 16.901937 42.020000 0.000000
v 16.701937 42.020000 4.020007
v 16.701937 42.020000 0.000000
v 16.701937 34.420002 4.020007
v 16.701937 34.420002 0.000000
v 19.201937 42.220001 0.000000
v 19.201937 42.220001 4.020007
v 13.181935 42.220001 4.020007
v 13.181935 42.220001 0.000000
v 13.181935 42.020000 4.020007
v 13.181935 42.020000 0.000000
v 19.201937 42.020000 4.020007
v 19.201937 42.020000 0.000000
v 19.401937 34.420002 0.000000
v 19.201937 34.420002 0.000000
v 19.201937 35.194794 0.000000
v 19.401937 35.194794 0.000000
v 19.201937 35.194794 2.400000
v 19.401937 35.194794 2.400000
v 19.201937 36.444794 2.400000
v 19.401937 36.444794 2.400000
v 19.201937 36.444794 0.000000
v 19.401937 36.444794 0.000000
v 19.201937 37.669899 0.000000
v 19.401937 37.669899 0.000000
v 19.201937 37.669899 2.400000
v 19.401937 37.669899 2.400000
v 19.201937 38.919899 2.400000
v 19.401937 38.919899 2.400000
v 19.201937 38.919899 0.000000
v 19.401937 38.919899 0.000000
v 19.201937 40.145000 0.000000
v 19.401937 40.145000 0.000000
v 19.201937 40.145000 2.400000
v 19.401937 40.145000 2.400000
v 19.201937 41.395000 2.400000
v 19.401937 41.395000 2.400000
v 19.201937 41.395000 0.000000
v 19.401937 41.395000 0.000000
v 19.201937 42.675003 0.000000
v 19.401937 42.675003 0.000000
v 19.401937 42.675003 2.000000
v 19.201937 42.675003 2.000000
v 19.401937 43.675003 2.000000
v 19.201937 43.675003 2.000000
v 19.401937 43.675003 0.000000
v 19.201937 43.675003 0.000000
v 19.201937 44.330002 0.000000
v 19.401937 44.330002 0.000000
v 19.201937 44.330002 4.020007
v 19.401937 44.330002 4.020007
v 19.401937 34.420002 4.020007
v 19.201937 34.420002 4.020007
v 19.401937 34.420002 0.000000
v 19.401937 34.420002 4.020007
v 12.981936 34.420002 4.020007
v 12.981936 34.420002 0.000000
v 12.981936 34.220001 4.020007
v 12.981936 34.220001 0.000000
v 19.401937 34.220001 4.020007
v 19.401937 34.220001 0.000000
v 12.979765 44.130001 0.000000
v 12.979765 44.130001 4.020007
v 19.201937 44.130001 4.020007
v 19.201937 44.130001 0.000000
v 19.201937 44.330002 4.020007
v 19.201937 44.330002 0.000000
v 12.979765 44.330002 4.020007
v 12.979765 44.330002 0.000000
v 4.000000 0.000000 0.000000
v 4.000000 0.000000 4.020007
v 9.701937 0.000000 4.020007
v 9.701937 0.000000 0.000000
v 9.701937 0.200000 4.020007
v 9.701937 0.200000 0.000000
v 4.000000 0.200000 4.020007
v 4.000000 0.200000 0.000000
v 9.901937 0.000000 0.000000
v 9.901937 0.000000 4.020007
v 9.901937 2.910002 4.020007
v 9.901937 2.910002 0.000000
v 9.701937 2.910002 4.020007
v 9.701937 2.910002 0.000000
v 9.701937 0.000000 4.020007
v 9.701937 0.000000 0.000000
v 8.851937 6.670002 0.000000
v 8.851937 6.670002 4.020007
v 8.851937 8.230001 4.020007
v 8.851937 8.230001 0.000000
v 8.651937 8.230001 4.020007
v 8.651937 8.230001 0.000000
v 8.651937 6.670002 4.020007
v 8.651937 6.670002 0.000000
v 4.574765 8.230001 0.000000
v 4.574765 8.230001 4.020007
v 10.416937 8.230001 4.020007
v 10.416937 8.230001 0.000000
v 10.416937 8.430001 4.020007
v 10.416937 8.430001 0.000000
v 4.574765 8.430001 4.020007
v 4.574765 8.430001 0.000000
v 7.651937 3.110002 0.000000
v 7.451937 3.110002 0.000000
v 7.451937 4.165001 0.000000
v 7.651937 4.165001 0.000000
v 7.451937 4.165001 2.400000
v 7.651937 4.165001 2.400000
v 7.451937 5.415001 2.400000
v 7.651937 5.415001 2.400000
v 7.451937 5.415001 0.000000
v 7.651937 5.415001 0.000000
v 7.451937 6.470002 0.000000
v 7.651937 6.470002 0.000000
v 7.451937 6.470002 4.020007
v 7.651937 6.470002 4.020007
v 7.651937 3.110002 4.020007
v 7.451937 3.110002 4.020007
v 4.000000 6.440585 0.000000
v 4.200000 6.440585 0.000000
v 4.200000 6.440585 4.020007
v 4.000000 6.440585 4.020007
v 4.000000 0.200000 0.000000
v 4.200000 0.200000 0.000000
v 4.200000 0.200000 4.020007
v 4.000000 0.200000 4.020007
v 4.000000 2.155001 2.100000
v 4.200000 2.155001 2.100000
v 4.200000 2.155001 0.900000
v 4.000000 2.155001 0.900000
v 4.200000 0.955001 0.900000
v 4.000000 0.955001 0.900000
v 4.200000 0.955001 2.100000
v 4.000000 0.955001 2.100000
v 10.416937 3.110002 0.000000
v 10.416937 2.910002 0.000000
v 9.651937 2.910002 0.000000
v 9.651937 3.110002 0.000000
v 9.651937 3.110002 2.100000
v 9.651937 2.910002 2.100000
v 8.651937 3.110002 2.100000
v 8.651937 2.910002 2.100000
v 8.651937 3.110002 0.000000
v 8.651937 2.910002 0.000000
v 4.200000 2.910002 0.000000
v 4.200000 3.110002 0.000000
v 4.200000 2.910002 4.020007
v 4.200000 3.110002 4.020007
v 10.416937 3.110002 4.020007
v 10.416937 2.910002 4.020007
v 10.416937 8.430001 0.000000
v 10.616937 8.430001 0.000000
v 10.616937 5.290001 0.000000
v 10.416937 5.290001 0.000000
v 10.616937 5.290001 2.100000
v 10.416937 5.290001 2.100000
v 10.616937 4.290001 2.100000
v 10.416937 4.290001 2.100000
v 10.616937 4.290001 0.000000
v 10.416937 4.290001 0.000000
v 10.616937 2.910002 0.000000
v 10.416937 2.910002 0.000000
v 10.616937 2.910002 4.020007
v 10.416937 2.910002 4.020007
v 10.416937 8.430001 4.020007
v 10.616937 8.430001 4.020007
v 10.416937 6.670002 0.000000
v 10.416937 6.670002 4.020007
v 4.724765 6.670002 4.020007
v 4.724765 6.670002 0.000000
v 4.724765 6.470002 4.020007
v 4.724765 6.470002 0.000000
v 10.416937 6.470002 4.020007
v 10.416937 6.470002 0.000000
v 4.000000 7.785001 0.000000
v 4.000000 7.785001 4.020007
v 4.000000 7.240584 4.020007
v 4.000000 7.240584 0.000000
v 4.120000 7.240584 4.020007
v 4.120000 7.240584 0.000000
v 4.120000 7.785001 4.020007
v 4.120000 7.785001 0.000000
v 4.000000 7.785001 0.000000
v 4.000000 7.785001 4.020007
v 4.574765 7.785001 4.020007
v 4.574765 7.785001 0.000000
v 4.574765 7.905002 4.020007
v 4.574765 7.905002 0.000000
v 4.000000 7.905002 4.020007
v 4.000000 7.905002 0.000000
v 4.621937 12.040002 0.000000
v 4.501937 12.040002 0.000000
v 4.501937 12.625801 0.000000
v 4.621937 12.625801 0.000000
v 4.621937 12.625801 4.020007
v 4.501937 12.625801 4.020007
v 4.621937 12.040002 4.020007
v 4.501937 12.040002 4.020007
v 4.621937 13.425801 0.000000
v 4.501937 13.425801 0.000000
v 4.501937 14.140001 0.000000
v 4.621937 14.140001 0.000000
v 4.501937 14.140001 4.020007
v 4.621937 14.140001 4.020007
v 4.621937 13.425801 4.020007
v 4.501937 13.425801 4.020007
v 4.621937 12.040002 0.000000
v 4.621937 12.040002 4.020007
v 4.120000 12.040002 4.020007
v 4.120000 12.040002 0.000000
v 4.120000 11.920001 4.020007
v 4.120000 11.920001 0.000000
v 4.621937 11.920001 4.020007
v 4.621937 11.920001 0.000000
v 4.000000 14.020001 0.000000
v 4.120000 14.020001 0.000000
v 4.120000 13.425801 0.000000
v 4.000000 13.425801 0.000000
v 4.120000 13.425801 4.020007
v 4.000000 13.425801 4.020007
v 4.000000 14.020001 4.020007
v 4.120000 14.020001 4.020007
v 4.000000 12.625801 0.000000
v 4.120000 12.625801 0.000000
v 4.120000 11.920001 0.000000
v 4.000000 11.920001 0.000000
v 4.120000 11.920001 4.020007
v 4.000000 11.920001 4.020007
v 4.000000 12.625801 4.020007
v 4.120000 12.625801 4.020007
v 4.000000 14.020001 0.000000
v 4.000000 14.020001 4.020007
v 4.501937 14.020001 4.020007
v 4.501937 14.020001 0.000000
v 4.501937 14.140001 4.020007
v 4.501937 14.140001 0.000000
v 4.000000 14.140001 4.020007
v 4.000000 14.140001 0.000000
v 4.621937 18.820585 0.000000
v 4.621937 18.820585 4.020007
v 4.501937 18.820585 4.020007
v 4.501937 18.820585 0.000000
v 4.501937 18.240002 4.020007
v 4.501937 18.240002 0.000000
v 4.621937 18.240002 4.020007
v 4.621937 18.240002 0.000000
v 4.621937 18.240002 0.000000
v 4.621937 18.240002 4.020007
v 4.120000 18.240002 4.020007
v 4.120000 18.240002 0.000000
v 4.120000 18.120001 4.020007
v 4.120000 18.120001 0.000000
v 4.621937 18.120001 4.020007
v 4.621937 18.120001 0.000000
v 4.486937 25.825802 0.000000
v 4.486937 25.825802 4.020007
v 4.606937 25.825802 4.020007
v 4.606937 25.825802 0.000000
v 4.606937 26.535580 4.020007
v 4.606937 26.535580 0.000000
v 4.486937 26.535580 4.020007
v 4.486937 26.535580 0.000000
v 4.000000 26.415579 0.000000
v 4.000000 26.415579 4.020007
v 4.000000 25.825802 4.020007
v 4.000000 25.825802 0.000000
v 4.120000 25.825802 4.020007
v 4.120000 25.825802 0.000000
v 4.120000 26.415579 4.020007
v 4.120000 26.415579 0.000000
v 4.120000 18.120001 0.000000
v 4.120000 18.120001 4.020007
v 4.120000 18.820585 4.020007
v 4.120000 18.820585 0.000000
v 4.000000 18.820585 4.020007
v 4.000000 18.820585 0.000000
v 4.000000 18.120001 4.020007
v 4.000000 18.120001 0.000000
v 4.000000 19.620584 3.200007
v 4.000000 19.620584 4.020007
v 4.120000 19.620584 4.020007
v 4.120000 19.620584 3.200007
v 4.120000 25.025801 4.020007
v 4.120000 25.025801 3.200007
v 4.000000 25.025801 4.020007
v 4.000000 25.025801 3.200007
v 4.000000 32.620003 0.000000
v 4.120000 32.620003 0.000000
v 4.120000 32.020584 0.000000
v 4.000000 32.020584 0.000000
v 4.120000 32.020584 4.020007
v 4.000000 32.020584 4.020007
v 4.000000 32.620003 4.020007
v 4.120000 32.620003 4.020007
v 4.000000 31.220585 0.000000
v 4.120000 31.220585 0.000000
v 4.120000 26.415579 0.000000
v 4.000000 26.415579 0.000000
v 4.120000 26.415579 4.020007
v 4.000000 26.415579 4.020007
v 4.000000 31.220585 4.020007
v 4.120000 31.220585 4.020007
v 4.000000 32.620003 0.000000
v 4.000000 32.620003 4.020007
v 7.526937 32.620003 4.020007
v 7.526937 32.620003 0.000000
v 7.526937 32.740002 4.020007
v 7.526937 32.740002 0.000000
v 4.000000 32.740002 4.020007
v 4.000000 32.740002 0.000000
v 4.486937 32.620003 0.000000
v 4.486937 32.620003 4.020007
v 4.486937 32.020584 4.020007
v 4.486937 32.020584 0.000000
v 4.606937 32.020584 4.020007
v 4.606937 32.020584 0.000000
v 4.606937 32.620003 4.020007
v 4.606937 32.620003 0.000000
v 4.486937 26.535580 0.000000
v 4.486937 26.535580 4.020007
v 4.120000 26.535580 4.020007
v 4.120000 26.535580 0.000000
v 4.120000 26.415579 4.020007
v 4.120000 26.415579 0.000000
v 4.486937 26.415579 4.020007
v 4.486937 26.415579 0.000000
v 4.606937 36.820000 0.000000
v 4.486937 36.820000 0.000000
v 4.486937 37.425800 0.000000
v 4.606937 37.425800 0.000000
v 4.606937 37.425800 4.020007
v 4.486937 37.425800 4.020007
v 4.606937 36.820000 4.020007
v 4.486937 36.820000 4.020007
v 4.606937 38.225800 0.000000
v 4.486937 38.225800 0.000000
v 4.486937 38.940002 0.000000
v 4.606937 38.940002 0.000000
v 4.486937 38.940002 4.020007
v 4.606937 38.940002 4.020007
v 4.606937 38.225800 4.020007
v 4.486937 38.225800 4.020007
v 4.606937 36.820000 0.000000
v 4.606937 36.820000 4.020007
v 4.120000 36.820000 4.020007
v 4.120000 36.820000 0.000000
v 4.120000 36.700001 4.020007
v 4.120000 36.700001 0.000000
v 4.606937 36.700001 4.020007
v 4.606937 36.700001 0.000000
v 4.000000 38.820000 0.000000
v 4.120000 38.820000 0.000000
v 4.120000 38.225800 0.000000
v 4.000000 38.225800 0.000000
v 4.120000 38.225800 4.020007
v 4.000000 38.225800 4.020007
v 4.000000 38.820000 4.020007
v 4.120000 38.820000 4.020007
v 4.000000 37.425800 0.000000
v 4.120000 37.425800 0.000000
v 4.120000 36.700001 0.000000
v 4.000000 36.700001 0.000000
v 4.120000 36.700001 4.020007
v 4.000000 36.700001 4.020007
v 4.000000 37.425800 4.020007
v 4.120000 37.425800 4.020007
v 4.000000 38.820000 0.000000
v 4.000000 38.820000 4.020007
v 4.486937 38.820000 4.020007
v 4.486937 38.820000 0.000000
v 4.486937 38.940002 4.020007
v 4.486937 38.940002 0.000000
v 4.000000 38.940002 4.020007
v 4.000000 38.940002 0.000000
v 4.611937 43.006531 0.000000
v 4.491937 43.006531 0.000000
v 4.491937 43.625801 0.000000
v 4.611937 43.625801 0.000000
v 4.611937 43.625801 4.020007
v 4.491937 43.625801 4.020007
v 4.611937 43.006531 4.020007
v 4.491937 43.006531 4.020007
v 4.611937 44.425800 0.000000
v 4.491937 44.425800 0.000000
v 4.491937 45.126530 0.000000
v 4.611937 45.126530 0.000000
v 4.491937 45.126530 4.020007
v 4.611937 45.126530 4.020007
v 4.611937 44.425800 4.020007
v 4.491937 44.425800 4.020007
v 4.611937 43.006531 0.000000
v 4.611937 43.006531 4.020007
v 4.120000 43.006531 4.020007
v 4.120000 43.006531 0.000000
v 4.120000 42.886528 4.020007
v 4.120000 42.886528 0.000000
v 4.611937 42.886528 4.020007
v 4.611937 42.886528 0.000000
v 4.000000 45.006531 0.000000
v 4.120000 45.006531 0.000000
v 4.120000 44.425800 0.000000
v 4.000000 44.425800 0.000000
v 4.120000 44.425800 4.020007
v 4.000000 44.425800 4.020007
v 4.000000 45.006531 4.020007
v 4.120000 45.006531 4.020007
v 4.000000 43.625801 0.000000
v 4.120000 43.625801 0.000000
v 4.120000 42.886528 0.000000
v 4.000000 42.886528 0.000000
v 4.120000 42.886528 4.020007
v 4.000000 42.886528 4.020007
v 4.000000 43.625801 4.020007
v 4.120000 43.625801 4.020007
v 4.000000 45.006531 0.000000
v 4.000000 45.006531 4.020007
v 4.491937 45.006531 4.020007
v 4.491937 45.006531 0.000000
v 4.491937 45.126530 4.020007
v 4.491937 45.126530 0.000000
v 4.000000 45.126530 4.020007
v 4.000000 45.126530 0.000000
v 4.000000 51.220001 0.000000
v 4.120000 51.220001 0.000000
v 4.120000 50.625801 0.000000
v 4.000000 50.625801 0.000000
v 4.120000 50.625801 4.020007
v 4.000000 50.625801 4.020007
v 4.000000 51.220001 4.020007
v 4.120000 51.220001 4.020007
v 4.000000 49.825802 0.000000
v 4.120000 49.825802 0.000000
v 4.120000 49.180000 0.000000
v 4.000000 49.180000 0.000000
v 4.120000 49.180000 4.020007
v 4.000000 49.180000 4.020007
v 4.000000 49.825802 4.020007
v 4.120000 49.825802 4.020007
v 4.606937 49.180000 0.000000
v 4.486937 49.180000 0.000000
v 4.486937 49.825802 0.000000
v 4.606937 49.825802 0.000000
v 4.606937 49.825802 4.020007
v 4.486937 49.825802 4.020007
v 4.606937 49.180000 4.020007
v 4.486937 49.180000 4.020007
v 4.606937 50.625801 0.000000
v 4.486937 50.625801 0.000000
v 4.486937 51.340000 0.000000
v 4.606937 51.340000 0.000000
v 4.486937 51.340000 4.020007
v 4.606937 51.340000 4.020007
v 4.606937 50.625801 4.020007
v 4.486937 50.625801 4.020007
v 4.606937 49.180000 0.000000
v 4.606937 49.180000 4.020007
v 4.000000 49.180000 4.020007
v 4.000000 49.180000 0.000000
v 4.000000 49.060001 4.020007
v 4.000000 49.060001 0.000000
v 4.606937 49.060001 4.020007
v 4.606937 49.060001 0.000000
v 4.000000 51.220001 0.000000
v 4.000000 51.220001 4.020007
v 4.486937 51.220001 4.020007
v 4.486937 51.220001 0.000000
v 4.486937 51.340000 4.020007
v 4.486937 51.340000 0.000000
v 4.000000 51.340000 4.020007
v 4.000000 51.340000 0.000000
v 4.494437 56.120003 0.000000
v 4.494437 56.120003 4.020007
v 4.494437 55.440002 4.020007
v 4.494437 55.440002 0.000000
v 4.614437 55.440002 4.020007
v 4.614437 55.440002 0.000000
v 4.614437 56.120003 4.020007
v 4.614437 56.120003 0.000000
v 4.614437 55.440002 0.000000
v 4.614437 55.440002 4.020007
v 4.120000 55.440002 4.020007
v 4.120000 55.440002 0.000000
v 4.120000 55.320000 4.020007
v 4.120000 55.320000 0.000000
v 4.614437 55.320000 4.020007
v 4.614437 55.320000 0.000000
v 4.120000 55.320000 0.000000
v 4.120000 55.320000 4.020007
v 4.120000 56.120003 4.020007
v 4.120000 56.120003 0.000000
v 4.000000 56.120003 4.020007
v 4.000000 56.120003 0.000000
v 4.000000 55.320000 4.020007
v 4.000000 55.320000 0.000000
v 4.803101 56.900002 0.000000
v 4.803101 57.020000 0.000000
v 9.529765 57.020000 0.000000
v 9.529765 56.900002 0.000000
v 9.529765 57.020000 4.020000
v 9.529765 56.900002 4.020000
v 4.803101 56.900002 4.020007
v 4.803101 57.020000 4.020007
v 12.974765 56.900002 0.000000
v 12.974765 57.020000 0.000000
v 18.791937 57.020000 0.000000
v 18.791937 56.900002 0.000000
v 18.791937 57.020000 4.020007
v 18.791937 56.900002 4.020007
v 12.974765 56.900002 4.020000
v 12.974765 57.020000 4.020000
v 13.774765 56.414001 0.000000
v 13.774765 56.414001 4.020007
v 13.774765 56.294003 4.020007
v 13.774765 56.294003 0.000000
v 18.793140 56.294003 4.020007
v 18.793140 56.294003 0.000000
v 18.793140 56.414001 4.020007
v 18.793140 56.414001 0.000000
v 0.700000 31.625801 -0.200000
v 0.700000 31.625801 4.100007
v 0.698045 31.659998 4.100007
v 0.692204 31.693750 4.100007
v 0.682553 31.726616 4.100007
v 0.669220 31.758167 4.100007
v 0.652376 31.787992 4.100007
v 0.632243 31.815704 4.100007
v 0.609081 31.840940 4.100007
v 0.583194 31.863371 4.100007
v 0.554919 31.882706 4.100007
v 0.524625 31.898691 4.100007
v 0.492705 31.911118 4.100007
v 0.459577 31.919827 4.100007
v 0.425673 31.924700 4.100007
v 0.391433 31.925678 4.100007
v 0.357306 31.922747 4.100007
v 0.323734 31.915945 4.100007
v 0.291158 31.905359 4.100007
v 0.260000 31.891130 4.100007
v 0.230667 31.873442 4.100007
v 0.203542 31.852526 4.100007
v 0.178978 31.828653 4.100007
v 0.157295 31.802137 4.100007
v 0.138776 31.773321 4.100007
v 0.123663 31.742582 4.100007
v 0.112152 31.710321 4.100007
v 0.104394 31.676958 4.100007
v 0.100489 31.642927 4.100007
v 0.100489 31.608675 4.100007
v 0.104394 31.574644 4.100007
v 0.112152 31.541281 4.100007
v 0.123663 31.509020 4.100007
v 0.138776 31.478281 4.100007
v 0.157295 31.449465 4.100007
v 0.178978 31.422949 4.100007
v 0.203542 31.399076 4.100007
v 0.230667 31.378159 4.100007
v 0.260000 31.360472 4.100007
v 0.291158 31.346241 4.100007
v 0.323734 31.335657 4.100007
v 0.357306 31.328854 4.100007
v 0.391433 31.325924 4.100007
v 0.425673 31.326900 4.100007
v 0.459577 31.331776 4.100007
v 0.492705 31.340485 4.100007
v 0.524625 31.352911 4.100007
v 0.554919 31.368896 4.100007
v 0.583194 31.388229 4.100007
v 0.609081 31.410662 4.100007
v 0.632243 31.435898 4.100007
v 0.652376 31.463608 4.100007
v 0.669220 31.493435 4.100007
v 0.682553 31.524986 4.100007
v 0.692204 31.557852 4.100007
v 0.698045 31.591604 4.100007
v 0.698045 31.659998 -0.200000
v 0.692204 31.693750 -0.200000
v 0.682553 31.726616 -0.200000
v 0.669220 31.758167 -0.200000
v 0.652376 31.787992 -0.200000
v 0.632243 31.815704 -0.200000
v 0.609081 31.840940 -0.200000
v 0.583194 31.863371 -0.200000
v 0.554919 31.882706 -0.200000
v 0.524625 31.898691 -0.200000
v 0.492705 31.911118 -0.200000
v 0.459577 31.919827 -0.200000
v 0.425673 31.924700 -0.200000
v 0.391433 31.925678 -0.200000
v 0.357306 31.922747 -0.200000
v 0.323734 31.915945 -0.200000
v 0.291158 31.905359 -0.200000
v 0.260000 31.891130 -0.200000
v 0.230667 31.873442 -0.200000
v 0.203542 31.852526 -0.200000
v 0.178978 31.828653 -0.200000
v 0.157295 31.802137 -0.200000
v 0.138776 31.773321 -0.200000
v 0.123663 31.742582 -0.200000
v 0.112152 31.710321 -0.200000
v 0.104394 31.676958 -0.200000
v 0.100489 31.642927 -0.200000
v 0.100489 31.608675 -0.200000
v 0.104394 31.574644 -0.200000
v 0.112152 31.541281 -0.200000
v 0.123663 31.509020 -0.200000
v 0.138776 31.478281 -0.200000
v 0.157295 31.449465 -0.200000
v 0.178978 31.422949 -0.200000
v 0.203542 31.399076 -0.200000
v 0.230667 31.378159 -0.200000
v 0.260000 31.360472 -0.200000
v 0.291158 31.346241 -0.200000
v 0.323734 31.335657 -0.200000
v 0.357306 31.328854 -0.200000
v 0.391433 31.325924 -0.200000
v 0.425673 31.326900 -0.200000
v 0.459577 31.331776 -0.200000
v 0.492705 31.340485 -0.200000
v 0.524625 31.352911 -0.200000
v 0.554919 31.368896 -0.200000
v 0.583194 31.388229 -0.200000
v 0.609081 31.410662 -0.200000
v 0.632243 31.435898 -0.200000
v 0.652376 31.463608 -0.200000
v 0.669220 31.493435 -0.200000
v 0.682553 31.524986 -0.200000
v 0.692204 31.557852 -0.200000
v 0.698045 31.591604 -0.200000
v 0.700000 9.425801 0.000000
v 0.700000 9.425801 4.100007
v 0.698045 9.459998 4.100007
v 0.692204 9.493750 4.100007
v 0.682553 9.526616 4.100007
v 0.669220 9.558167 4.100007
v 0.652376 9.587994 4.100007
v 0.632243 9.615705 4.100007
v 0.609081 9.640941 4.100007
v 0.583194 9.663372 4.100007
v 0.554919 9.682706 4.100007
v 0.524625 9.698690 4.100007
v 0.492705 9.711118 4.100007
v 0.459577 9.719826 4.100007
v 0.425673 9.724700 4.100007
v 0.391433 9.725678 4.100007
v 0.357306 9.722748 4.100007
v 0.323734 9.715945 4.100007
v 0.291158 9.705360 4.100007
v 0.260000 9.691131 4.100007
v 0.230667 9.673443 4.100007
v 0.203542 9.652526 4.100007
v 0.178978 9.628654 4.100007
v 0.157295 9.602137 4.100007
v 0.138776 9.573320 4.100007
v 0.123663 9.542582 4.100007
v 0.112152 9.510321 4.100007
v 0.104394 9.476957 4.100007
v 0.100489 9.442927 4.100007
v 0.100489 9.408674 4.100007
v 0.104394 9.374644 4.100007
v 0.112152 9.341281 4.100007
v 0.123663 9.309020 4.100007
v 0.138776 9.278281 4.100007
v 0.157295 9.249465 4.100007
v 0.178978 9.222948 4.100007
v 0.203542 9.199076 4.100007
v 0.230667 9.178160 4.100007
v 0.260000 9.160471 4.100007
v 0.291158 9.146242 4.100007
v 0.323734 9.135657 4.100007
v 0.357306 9.128855 4.100007
v 0.391433 9.125923 4.100007
v 0.425673 9.126902 4.100007
v 0.459577 9.131776 4.100007
v 0.492705 9.140484 4.100007
v 0.524625 9.152911 4.100007
v 0.554919 9.168897 4.100007
v 0.583194 9.188231 4.100007
v 0.609081 9.210661 4.100007
v 0.632243 9.235897 4.100007
v 0.652376 9.263609 4.100007
v 0.669220 9.293434 4.100007
v 0.682553 9.324986 4.100007
v 0.692204 9.357852 4.100007
v 0.698045 9.391603 4.100007
v 0.698045 9.459998 0.000000
v 0.692204 9.493750 0.000000
v 0.682553 9.526616 0.000000
v 0.669220 9.558167 0.000000
v 0.652376 9.587994 0.000000
v 0.632243 9.615705 0.000000
v 0.609081 9.640941 0.000000
v 0.583194 9.663372 0.000000
v 0.554919 9.682706 0.000000
v 0.524625 9.698690 0.000000
v 0.492705 9.711118 0.000000
v 0.459577 9.719826 0.000000
v 0.425673 9.724700 0.000000
v 0.391433 9.725678 0.000000
v 0.357306 9.722748 0.000000
v 0.323734 9.715945 0.000000
v 0.291158 9.705360 0.000000
v 0.260000 9.691131 0.000000
v 0.230667 9.673443 0.000000
v 0.203542 9.652526 0.000000
v 0.178978 9.628654 0.000000
v 0.157295 9.602137 0.000000
v 0.138776 9.573320 0.000000
v 0.123663 9.542582 0.000000
v 0.112152 9.510321 0.000000
v 0.104394 9.476957 0.000000
v 0.100489 9.442927 0.000000
v 0.100489 9.408674 0.000000
v 0.104394 9.374644 0.000000
v 0.112152 9.341281 0.000000
v 0.123663 9.309020 0.000000
v 0.138776 9.278281 0.000000
v 0.157295 9.249465 0.000000
v 0.178978 9.222948 0.000000
v 0.203542 9.199076 0.000000
v 0.230667 9.178160 0.000000
v 0.260000 9.160471 0.000000
v 0.291158 9.146242 0.000000
v 0.323734 9.135657 0.000000
v 0.357306 9.128855 0.000000
v 0.391433 9.125923 0.000000
v 0.425673 9.126902 0.000000
v 0.459577 9.131776 0.000000
v 0.492705 9.140484 0.000000
v 0.524625 9.152911 0.000000
v 0.554919 9.168897 0.000000
v 0.583194 9.188231 0.000000
v 0.609081 9.210661 0.000000
v 0.632243 9.235897 0.000000
v 0.652376 9.263609 0.000000
v 0.669220 9.293434 0.000000
v 0.682553 9.324986 0.000000
v 0.692204 9.357852 0.000000
v 0.698045 9.391603 0.000000
v 0.700000 0.625801 0.000000
v 0.700000 0.625801 4.100007
v 0.698045 0.659998 4.100007
v 0.692204 0.693750 4.100007
v 0.682553 0.726616 4.100007
v 0.669220 0.758167 4.100007
v 0.652376 0.787993 4.100007
v 0.632243 0.815705 4.100007
v 0.609081 0.840940 4.100007
v 0.583194 0.863372 4.100007
v 0.554919 0.882706 4.100007
v 0.524625 0.898691 4.100007
v 0.492705 0.911118 4.100007
v 0.459577 0.919826 4.100007
v 0.425673 0.924700 4.100007
v 0.391433 0.925679 4.100007
v 0.357306 0.922747 4.100007
v 0.323734 0.915945 4.100007
v 0.291158 0.905360 4.100007
v 0.260000 0.891131 4.100007
v 0.230667 0.873442 4.100007
v 0.203542 0.852526 4.100007
v 0.178978 0.828653 4.100007
v 0.157295 0.802136 4.100007
v 0.138776 0.773321 4.100007
v 0.123663 0.742582 4.100007
v 0.112152 0.710321 4.100007
v 0.104394 0.676958 4.100007
v 0.100489 0.642928 4.100007
v 0.100489 0.608674 4.100007
v 0.104394 0.574644 4.100007
v 0.112152 0.541281 4.100007
v 0.123663 0.509020 4.100007
v 0.138776 0.478281 4.100007
v 0.157295 0.449465 4.100007
v 0.178978 0.422948 4.100007
v 0.203542 0.399076 4.100007
v 0.230667 0.378159 4.100007
v 0.260000 0.360471 4.100007
v 0.291158 0.346242 4.100007
v 0.323734 0.335657 4.100007
v 0.357306 0.328855 4.100007
v 0.391433 0.325923 4.100007
v 0.425673 0.326901 4.100007
v 0.459577 0.331776 4.100007
v 0.492705 0.340484 4.100007
v 0.524625 0.352911 4.100007
v 0.554919 0.368896 4.100007
v 0.583194 0.388230 4.100007
v 0.609081 0.410661 4.100007
v 0.632243 0.435897 4.100007
v 0.652376 0.463609 4.100007
v 0.669220 0.493435 4.100007
v 0.682553 0.524986 4.100007
v 0.692204 0.557852 4.100007
v 0.698045 0.591604 4.100007
v 0.698045 0.659998 0.000000
v 0.692204 0.693750 0.000000
v 0.682553 0.726616 0.000000
v 0.669220 0.758167 0.000000
v 0.652376 0.787993 0.000000
v 0.632243 0.815705 0.000000
v 0.609081 0.840940 0.000000
v 0.583194 0.863372 0.000000
v 0.554919 0.882706 0.000000
v 0.524625 0.898691 0.000000
v 0.492705 0.911118 0.000000
v 0.459577 0.919826 0.000000
v 0.425673 0.924700 0.000000
v 0.391433 0.925679 0.000000
v 0.357306 0.922747 0.000000
v 0.323734 0.915945 0.000000
v 0.291158 0.905360 0.000000
v 0.260000 0.891131 0.000000
v 0.230667 0.873442 0.000000
v 0.203542 0.852526 0.000000
v 0.178978 0.828653 0.000000
v 0.157295 0.802136 0.000000
v 0.138776 0.773321 0.000000
v 0.123663 0.742582 0.000000
v 0.112152 0.710321 0.000000
v 0.104394 0.676958 0.000000
v 0.100489 0.642928 0.000000
v 0.100489 0.608674 0.000000
v 0.104394 0.574644 0.000000
v 0.112152 0.541281 0.000000
v 0.123663 0.509020 0.000000
v 0.138776 0.478281 0.000000
v 0.157295 0.449465 0.000000
v 0.178978 0.422948 0.000000
v 0.203542 0.399076 0.000000
v 0.230667 0.378159 0.000000
v 0.260000 0.360471 0.000000
v 0.291158 0.346242 0.000000
v 0.323734 0.335657 0.000000
v 0.357306 0.328855 0.000000
v 0.391433 0.325923 0.000000
v 0.425673 0.326901 0.000000
v 0.459577 0.331776 0.000000
v 0.492705 0.340484 0.000000
v 0.524625 0.352911 0.000000
v 0.554919 0.368896 0.000000
v 0.583194 0.388230 0.000000
v 0.609081 0.410661 0.000000
v 0.632243 0.435897 0.000000
v 0.652376 0.463609 0.000000
v 0.669220 0.493435 0.000000
v 0.682553 0.524986 0.000000
v 0.692204 0.557852 0.000000
v 0.698045 0.591604 0.000000
v 0.700000 6.825801 0.000000
v 0.700000 6.825801 4.100007
v 0.698045 6.859998 4.100007
v 0.692204 6.893750 4.100007
v 0.682553 6.926616 4.100007
v 0.669220 6.958167 4.100007
v 0.652376 6.987993 4.100007
v 0.632243 7.015705 4.100007
v 0.609081 7.040940 4.100007
v 0.583194 7.063372 4.100007
v 0.554919 7.082705 4.100007
v 0.524625 7.098691 4.100007
v 0.492705 7.111118 4.100007
v 0.459577 7.119826 4.100007
v 0.425673 7.124701 4.100007
v 0.391433 7.125679 4.100007
v 0.357306 7.122747 4.100007
v 0.323734 7.115945 4.100007
v 0.291158 7.105360 4.100007
v 0.260000 7.091131 4.100007
v 0.230667 7.073442 4.100007
v 0.203542 7.052526 4.100007
v 0.178978 7.028654 4.100007
v 0.157295 7.002137 4.100007
v 0.138776 6.973321 4.100007
v 0.123663 6.942582 4.100007
v 0.112152 6.910321 4.100007
v 0.104394 6.876957 4.100007
v 0.100489 6.842927 4.100007
v 0.100489 6.808674 4.100007
v 0.104394 6.774644 4.100007
v 0.112152 6.741281 4.100007
v 0.123663 6.709020 4.100007
v 0.138776 6.678281 4.100007
v 0.157295 6.649466 4.100007
v 0.178978 6.622949 4.100007
v 0.203542 6.599076 4.100007
v 0.230667 6.578159 4.100007
v 0.260000 6.560471 4.100007
v 0.291158 6.546242 4.100007
v 0.323734 6.535657 4.100007
v 0.357306 6.528854 4.100007
v 0.391433 6.525923 4.100007
v 0.425673 6.526901 4.100007
v 0.459577 6.531776 4.100007
v 0.492705 6.540484 4.100007
v 0.524625 6.552911 4.100007
v 0.554919 6.568896 4.100007
v 0.583194 6.588230 4.100007
v 0.609081 6.610662 4.100007
v 0.632243 6.635897 4.100007
v 0.652376 6.663609 4.100007
v 0.669220 6.693435 4.100007
v 0.682553 6.724986 4.100007
v 0.692204 6.757852 4.100007
v 0.698045 6.791604 4.100007
v 0.698045 6.859998 0.000000
v 0.692204 6.893750 0.000000
v 0.682553 6.926616 0.000000
v 0.669220 6.958167 0.000000
v 0.652376 6.987993 0.000000
v 0.632243 7.015705 0.000000
v 0.609081 7.040940 0.000000
v 0.583194 7.063372 0.000000
v 0.554919 7.082705 0.000000
v 0.524625 7.098691 0.000000
v 0.492705 7.111118 0.000000
v 0.459577 7.119826 0.000000
v 0.425673 7.124701 0.000000
v 0.391433 7.125679 0.000000
v 0.357306 7.122747 0.000000
v 0.323734 7.115945 0.000000
v 0.291158 7.105360 0.000000
v 0.260000 7.091131 0.000000
v 0.230667 7.073442 0.000000
v 0.203542 7.052526 0.000000
v 0.178978 7.028654 0.000000
v 0.157295 7.002137 0.000000
v 0.138776 6.973321 0.000000
v 0.123663 6.942582 0.000000
v 0.112152 6.910321 0.000000
v 0.104394 6.876957 0.000000
v 0.100489 6.842927 0.000000
v 0.100489 6.808674 0.000000
v 0.104394 6.774644 0.000000
v 0.112152 6.741281 0.000000
v 0.123663 6.709020 0.000000
v 0.138776 6.678281 0.000000
v 0.157295 6.649466 0.000000
v 0.178978 6.622949 0.000000
v 0.203542 6.599076 0.000000
v 0.230667 6.578159 0.000000
v 0.260000 6.560471 0.000000
v 0.291158 6.546242 0.000000
v 0.323734 6.535657 0.000000
v 0.357306 6.528854 0.000000
v 0.391433 6.525923 0.000000
v 0.425673 6.526901 0.000000
v 0.459577 6.531776 0.000000
v 0.492705 6.540484 0.000000
v 0.524625 6.552911 0.000000
v 0.554919 6.568896 0.000000
v 0.583194 6.588230 0.000000
v 0.609081 6.610662 0.000000
v 0.632243 6.635897 0.000000
v 0.652376 6.663609 0.000000
v 0.669220 6.693435 0.000000
v 0.682553 6.724986 0.000000
v 0.692204 6.757852 0.000000
v 0.698045 6.791604 0.000000
v 0.700000 13.025801 0.000000
v 0.700000 13.025801 4.100007
v 0.698045 13.059999 4.100007
v 0.692204 13.093750 4.100007
v 0.682553 13.126616 4.100007
v 0.669220 13.158167 4.100007
v 0.652376 13.187993 4.100007
v 0.632243 13.215705 4.100007
v 0.609081 13.240940 4.100007
v 0.583194 13.263371 4.100007
v 0.554919 13.282705 4.100007
v 0.524625 13.298691 4.100007
v 0.492705 13.311118 4.100007
v 0.459577 13.319826 4.100007
v 0.425673 13.324700 4.100007
v 0.391433 13.325679 4.100007
v 0.357306 13.322747 4.100007
v 0.323734 13.315945 4.100007
v 0.291158 13.305360 4.100007
v 0.260000 13.291131 4.100007
v 0.230667 13.273442 4.100007
v 0.203542 13.252525 4.100007
v 0.178978 13.228653 4.100007
v 0.157295 13.202136 4.100007
v 0.138776 13.173321 4.100007
v 0.123663 13.142582 4.100007
v 0.112152 13.110321 4.100007
v 0.104394 13.076958 4.100007
v 0.100489 13.042928 4.100007
v 0.100489 13.008675 4.100007
v 0.104394 12.974645 4.100007
v 0.112152 12.941281 4.100007
v 0.123663 12.909019 4.100007
v 0.138776 12.878281 4.100007
v 0.157295 12.849465 4.100007
v 0.178978 12.822948 4.100007
v 0.203542 12.799076 4.100007
v 0.230667 12.778159 4.100007
v 0.260000 12.760471 4.100007
v 0.291158 12.746242 4.100007
v 0.323734 12.735657 4.100007
v 0.357306 12.728854 4.100007
v 0.391433 12.725924 4.100007
v 0.425673 12.726901 4.100007
v 0.459577 12.731776 4.100007
v 0.492705 12.740484 4.100007
v 0.524625 12.752912 4.100007
v 0.554919 12.768896 4.100007
v 0.583194 12.788230 4.100007
v 0.609081 12.810661 4.100007
v 0.632243 12.835897 4.100007
v 0.652376 12.863608 4.100007
v 0.669220 12.893435 4.100007
v 0.682553 12.924986 4.100007
v 0.692204 12.957852 4.100007
v 0.698045 12.991604 4.100007
v 0.698045 13.059999 0.000000
v 0.692204 13.093750 0.000000
v 0.682553 13.126616 0.000000
v 0.669220 13.158167 0.000000
v 0.652376 13.187993 0.000000
v 0.632243 13.215705 0.000000
v 0.609081 13.240940 0.000000
v 0.583194 13.263371 0.000000
v 0.554919 13.282705 0.000000
v 0.524625 13.298691 0.000000
v 0.492705 13.311118 0.000000
v 0.459577 13.319826 0.000000
v 0.425673 13.324700 0.000000
v 0.391433 13.325679 0.000000
v 0.357306 13.322747 0.000000
v 0.323734 13.315945 0.000000
v 0.291158 13.305360 0.000000
v 0.260000 13.291131 0.000000
v 0.230667 13.273442 0.000000
v 0.203542 13.252525 0.000000
v 0.178978 13.228653 0.000000
v 0.157295 13.202136 0.000000
v 0.138776 13.173321 0.000000
v 0.123663 13.142582 0.000000
v 0.112152 13.110321 0.000000
v 0.104394 13.076958 0.000000
v 0.100489 13.042928 0.000000
v 0.100489 13.008675 0.000000
v 0.104394 12.974645 0.000000
v 0.112152 12.941281 0.000000
v 0.123663 12.909019 0.000000
v 0.138776 12.878281 0.000000
v 0.157295 12.849465 0.000000
v 0.178978 12.822948 0.000000
v 0.203542 12.799076 0.000000
v 0.230667 12.778159 0.000000
v 0.260000 12.760471 0.000000
v 0.291158 12.746242 0.000000
v 0.323734 12.735657 0.000000
v 0.357306 12.728854 0.000000
v 0.391433 12.725924 0.000000
v 0.425673 12.726901 0.000000
v 0.459577 12.731776 0.000000
v 0.492705 12.740484 0.000000
v 0.524625 12.752912 0.000000
v 0.554919 12.768896 0.000000
v 0.583194 12.788230 0.000000
v 0.609081 12.810661 0.000000
v 0.632243 12.835897 0.000000
v 0.652376 12.863608 0.000000
v 0.669220 12.893435 0.000000
v 0.682553 12.924986 0.000000
v 0.692204 12.957852 0.000000
v 0.698045 12.991604 0.000000
v 0.700000 56.425800 -1.000000
v 0.700000 56.425800 4.100007
v 0.698045 56.459999 4.100007
v 0.692204 56.493752 4.100007
v 0.682553 56.526615 4.100007
v 0.669220 56.558167 4.100007
v 0.652376 56.587994 4.100007
v 0.632243 56.615704 4.100007
v 0.609081 56.640942 4.100007
v 0.583194 56.663372 4.100007
v 0.554919 56.682705 4.100007
v 0.524625 56.698692 4.100007
v 0.492705 56.711117 4.100007
v 0.459577 56.719826 4.100007
v 0.425673 56.724701 4.100007
v 0.391433 56.725677 4.100007
v 0.357306 56.722748 4.100007
v 0.323734 56.715946 4.100007
v 0.291158 56.705360 4.100007
v 0.260000 56.691132 4.100007
v 0.230667 56.673443 4.100007
v 0.203542 56.652527 4.100007
v 0.178978 56.628654 4.100007
v 0.157295 56.602135 4.100007
v 0.138776 56.573322 4.100007
v 0.123663 56.542583 4.100007
v 0.112152 56.510323 4.100007
v 0.104394 56.476959 4.100007
v 0.100489 56.442928 4.100007
v 0.100489 56.408676 4.100007
v 0.104394 56.374645 4.100007
v 0.112152 56.341282 4.100007
v 0.123663 56.309021 4.100007
v 0.138776 56.278282 4.100007
v 0.157295 56.249466 4.100007
v 0.178978 56.222950 4.100007
v 0.203542 56.199078 4.100007
v 0.230667 56.178158 4.100007
v 0.260000 56.160473 4.100007
v 0.291158 56.146240 4.100007
v 0.323734 56.135658 4.100007
v 0.357306 56.128853 4.100007
v 0.391433 56.125923 4.100007
v 0.425673 56.126900 4.100007
v 0.459577 56.131775 4.100007
v 0.492705 56.140484 4.100007
v 0.524625 56.152912 4.100007
v 0.554919 56.168896 4.100007
v 0.583194 56.188229 4.100007
v 0.609081 56.210663 4.100007
v 0.632243 56.235897 4.100007
v 0.652376 56.263607 4.100007
v 0.669220 56.293434 4.100007
v 0.682553 56.324986 4.100007
v 0.692204 56.357853 4.100007
v 0.698045 56.391605 4.100007
v 0.698045 56.459999 -1.000000
v 0.692204 56.493752 -1.000000
v 0.682553 56.526615 -1.000000
v 0.669220 56.558167 -1.000000
v 0.652376 56.587994 -1.000000
v 0.632243 56.615704 -1.000000
v 0.609081 56.640942 -1.000000
v 0.583194 56.663372 -1.000000
v 0.554919 56.682705 -1.000000
v 0.524625 56.698692 -1.000000
v 0.492705 56.711117 -1.000000
v 0.459577 56.719826 -1.000000
v 0.425673 56.724701 -1.000000
v 0.391433 56.725677 -1.000000
v 0.357306 56.722748 -1.000000
v 0.323734 56.715946 -1.000000
v 0.291158 56.705360 -1.000000
v 0.260000 56.691132 -1.000000
v 0.230667 56.673443 -1.000000
v 0.203542 56.652527 -1.000000
v 0.178978 56.628654 -1.000000
v 0.157295 56.602135 -1.000000
v 0.138776 56.573322 -1.000000
v 0.123663 56.542583 -1.000000
v 0.112152 56.510323 -1.000000
v 0.104394 56.476959 -1.000000
v 0.100489 56.442928 -1.000000
v 0.100489 56.408676 -1.000000
v 0.104394 56.374645 -1.000000
v 0.112152 56.341282 -1.000000
v 0.123663 56.309021 -1.000000
v 0.138776 56.278282 -1.000000
v 0.157295 56.249466 -1.000000
v 0.178978 56.222950 -1.000000
v 0.203542 56.199078 -1.000000
v 0.230667 56.178158 -1.000000
v 0.260000 56.160473 -1.000000
v 0.291158 56.146240 -1.000000
v 0.323734 56.135658 -1.000000
v 0.357306 56.128853 -1.000000
v 0.391433 56.125923 -1.000000
v 0.425673 56.126900 -1.000000
v 0.459577 56.131775 -1.000000
v 0.492705 56.140484 -1.000000
v 0.524625 56.152912 -1.000000
v 0.554919 56.168896 -1.000000
v 0.583194 56.188229 -1.000000
v 0.609081 56.210663 -1.000000
v 0.632243 56.235897 -1.000000
v 0.652376 56.263607 -1.000000
v 0.669220 56.293434 -1.000000
v 0.682553 56.324986 -1.000000
v 0.692204 56.357853 -1.000000
v 0.698045 56.391605 -1.000000
v 0.700000 50.225800 -0.800000
v 0.700000 50.225800 4.100007
v 0.698045 50.259998 4.100007
v 0.692204 50.293751 4.100007
v 0.682553 50.326614 4.100007
v 0.669220 50.358166 4.100007
v 0.652376 50.387993 4.100007
v 0.632243 50.415703 4.100007
v 0.609081 50.440941 4.100007
v 0.583194 50.463371 4.100007
v 0.554919 50.482704 4.100007
v 0.524625 50.498692 4.100007
v 0.492705 50.511116 4.100007
v 0.459577 50.519825 4.100007
v 0.425673 50.524700 4.100007
v 0.391433 50.525677 4.100007
v 0.357306 50.522747 4.100007
v 0.323734 50.515945 4.100007
v 0.291158 50.505360 4.100007
v 0.260000 50.491131 4.100007
v 0.230667 50.473442 4.100007
v 0.203542 50.452526 4.100007
v 0.178978 50.428654 4.100007
v 0.157295 50.402138 4.100007
v 0.138776 50.373322 4.100007
v 0.123663 50.342583 4.100007
v 0.112152 50.310322 4.100007
v 0.104394 50.276958 4.100007
v 0.100489 50.242928 4.100007
v 0.100489 50.208675 4.100007
v 0.104394 50.174644 4.100007
v 0.112152 50.141281 4.100007
v 0.123663 50.109020 4.100007
v 0.138776 50.078281 4.100007
v 0.157295 50.049465 4.100007
v 0.178978 50.022949 4.100007
v 0.203542 49.999077 4.100007
v 0.230667 49.978161 4.100007
v 0.260000 49.960472 4.100007
v 0.291158 49.946243 4.100007
v 0.323734 49.935658 4.100007
v 0.357306 49.928856 4.100007
v 0.391433 49.925922 4.100007
v 0.425673 49.926903 4.100007
v 0.459577 49.931778 4.100007
v 0.492705 49.940483 4.100007
v 0.524625 49.952911 4.100007
v 0.554919 49.968895 4.100007
v 0.583194 49.988232 4.100007
v 0.609081 50.010662 4.100007
v 0.632243 50.035896 4.100007
v 0.652376 50.063610 4.100007
v 0.669220 50.093433 4.100007
v 0.682553 50.124985 4.100007
v 0.692204 50.157852 4.100007
v 0.698045 50.191605 4.100007
v 0.698045 50.259998 -0.800000
v 0.692204 50.293751 -0.800000
v 0.682553 50.326614 -0.800000
v 0.669220 50.358166 -0.800000
v 0.652376 50.387993 -0.800000
v 0.632243 50.415703 -0.800000
v 0.609081 50.440941 -0.800000
v 0.583194 50.463371 -0.800000
v 0.554919 50.482704 -0.800000
v 0.524625 50.498692 -0.800000
v 0.492705 50.511116 -0.800000
v 0.459577 50.519825 -0.800000
v 0.425673 50.524700 -0.800000
v 0.391433 50.525677 -0.800000
v 0.357306 50.522747 -0.800000
v 0.323734 50.515945 -0.800000
v 0.291158 50.505360 -0.800000
v 0.260000 50.491131 -0.800000
v 0.230667 50.473442 -0.800000
v 0.203542 50.452526 -0.800000
v 0.178978 50.428654 -0.800000
v 0.157295 50.402138 -0.800000
v 0.138776 50.373322 -0.800000
v 0.123663 50.342583 -0.800000
v 0.112152 50.310322 -0.800000
v 0.104394 50.276958 -0.800000
v 0.100489 50.242928 -0.800000
v 0.100489 50.208675 -0.800000
v 0.104394 50.174644 -0.800000
v 0.112152 50.141281 -0.800000
v 0.123663 50.109020 -0.800000
v 0.138776 50.078281 -0.800000
v 0.157295 50.049465 -0.800000
v 0.178978 50.022949 -0.800000
v 0.203542 49.999077 -0.800000
v 0.230667 49.978161 -0.800000
v 0.260000 49.960472 -0.800000
v 0.291158 49.946243 -0.800000
v 0.323734 49.935658 -0.800000
v 0.357306 49.928856 -0.800000
v 0.391433 49.925922 -0.800000
v 0.425673 49.926903 -0.800000
v 0.459577 49.931778 -0.800000
v 0.492705 49.940483 -0.800000
v 0.524625 49.952911 -0.800000
v 0.554919 49.968895 -0.800000
v 0.583194 49.988232 -0.800000
v 0.609081 50.010662 -0.800000
v 0.632243 50.035896 -0.800000
v 0.652376 50.063610 -0.800000
v 0.669220 50.093433 -0.800000
v 0.682553 50.124985 -0.800000
v 0.692204 50.157852 -0.800000
v 0.698045 50.191605 -0.800000
v 0.700000 44.025803 -0.600000
v 0.700000 44.025803 4.100007
v 0.698045 44.059998 4.100007
v 0.692204 44.093750 4.100007
v 0.682553 44.126617 4.100007
v 0.669220 44.158169 4.100007
v 0.652376 44.187992 4.100007
v 0.632243 44.215706 4.100007
v 0.609081 44.240940 4.100007
v 0.583194 44.263371 4.100007
v 0.554919 44.282707 4.100007
v 0.524625 44.298691 4.100007
v 0.492705 44.311119 4.100007
v 0.459577 44.319824 4.100007
v 0.425673 44.324699 4.100007
v 0.391433 44.325680 4.100007
v 0.357306 44.322746 4.100007
v 0.323734 44.315945 4.100007
v 0.291158 44.305359 4.100007
v 0.260000 44.291130 4.100007
v 0.230667 44.273441 4.100007
v 0.203542 44.252525 4.100007
v 0.178978 44.228653 4.100007
v 0.157295 44.202137 4.100007
v 0.138776 44.173321 4.100007
v 0.123663 44.142582 4.100007
v 0.112152 44.110321 4.100007
v 0.104394 44.076958 4.100007
v 0.100489 44.042927 4.100007
v 0.100489 44.008675 4.100007
v 0.104394 43.974644 4.100007
v 0.112152 43.941280 4.100007
v 0.123663 43.909019 4.100007
v 0.138776 43.878281 4.100007
v 0.157295 43.849464 4.100007
v 0.178978 43.822948 4.100007
v 0.203542 43.799076 4.100007
v 0.230667 43.778160 4.100007
v 0.260000 43.760471 4.100007
v 0.291158 43.746243 4.100007
v 0.323734 43.735657 4.100007
v 0.357306 43.728855 4.100007
v 0.391433 43.725922 4.100007
v 0.425673 43.726902 4.100007
v 0.459577 43.731777 4.100007
v 0.492705 43.740482 4.100007
v 0.524625 43.752911 4.100007
v 0.554919 43.768898 4.100007
v 0.583194 43.788231 4.100007
v 0.609081 43.810661 4.100007
v 0.632243 43.835896 4.100007
v 0.652376 43.863609 4.100007
v 0.669220 43.893436 4.100007
v 0.682553 43.924988 4.100007
v 0.692204 43.957851 4.100007
v 0.698045 43.991604 4.100007
v 0.698045 44.059998 -0.600000
v 0.692204 44.093750 -0.600000
v 0.682553 44.126617 -0.600000
v 0.669220 44.158169 -0.600000
v 0.652376 44.187992 -0.600000
v 0.632243 44.215706 -0.600000
v 0.609081 44.240940 -0.600000
v 0.583194 44.263371 -0.600000
v 0.554919 44.282707 -0.600000
v 0.524625 44.298691 -0.600000
v 0.492705 44.311119 -0.600000
v 0.459577 44.319824 -0.600000
v 0.425673 44.324699 -0.600000
v 0.391433 44.325680 -0.600000
v 0.357306 44.322746 -0.600000
v 0.323734 44.315945 -0.600000
v 0.291158 44.305359 -0.600000
v 0.260000 44.291130 -0.600000
v 0.230667 44.273441 -0.600000
v 0.203542 44.252525 -0.600000
v 0.178978 44.228653 -0.600000
v 0.157295 44.202137 -0.600000
v 0.138776 44.173321 -0.600000
v 0.123663 44.142582 -0.600000
v 0.112152 44.110321 -0.600000
v 0.104394 44.076958 -0.600000
v 0.100489 44.042927 -0.600000
v 0.100489 44.008675 -0.600000
v 0.104394 43.974644 -0.600000
v 0.112152 43.941280 -0.600000
v 0.123663 43.909019 -0.600000
v 0.138776 43.878281 -0.600000
v 0.157295 43.849464 -0.600000
v 0.178978 43.822948 -0.600000
v 0.203542 43.799076 -0.600000
v 0.230667 43.778160 -0.600000
v 0.260000 43.760471 -0.600000
v 0.291158 43.746243 -0.600000
v 0.323734 43.735657 -0.600000
v 0.357306 43.728855 -0.600000
v 0.391433 43.725922 -0.600000
v 0.425673 43.726902 -0.600000
v 0.459577 43.731777 -0.600000
v 0.492705 43.740482 -0.600000
v 0.524625 43.752911 -0.600000
v 0.554919 43.768898 -0.600000
v 0.583194 43.788231 -0.600000
v 0.609081 43.810661 -0.600000
v 0.632243 43.835896 -0.600000
v 0.652376 43.863609 -0.600000
v 0.669220 43.893436 -0.600000
v 0.682553 43.924988 -0.600000
v 0.692204 43.957851 -0.600000
v 0.698045 43.991604 -0.600000
v 0.700000 37.825802 -0.400000
v 0.700000 37.825802 4.100007
v 0.698045 37.859997 4.100007
v 0.692204 37.893749 4.100007
v 0.682553 37.926617 4.100007
v 0.669220 37.958168 4.100007
v 0.652376 37.987991 4.100007
v 0.632243 38.015705 4.100007
v 0.609081 38.040939 4.100007
v 0.583194 38.063370 4.100007
v 0.554919 38.082706 4.100007
v 0.524625 38.098690 4.100007
v 0.492705 38.111118 4.100007
v 0.459577 38.119827 4.100007
v 0.425673 38.124699 4.100007
v 0.391433 38.125679 4.100007
v 0.357306 38.122746 4.100007
v 0.323734 38.115944 4.100007
v 0.291158 38.105362 4.100007
v 0.260000 38.091129 4.100007
v 0.230667 38.073444 4.100007
v 0.203542 38.052525 4.100007
v 0.178978 38.028652 4.100007
v 0.157295 38.002136 4.100007
v 0.138776 37.973320 4.100007
v 0.123663 37.942581 4.100007
v 0.112152 37.910320 4.100007
v 0.104394 37.876957 4.100007
v 0.100489 37.842926 4.100007
v 0.100489 37.808674 4.100007
v 0.104394 37.774643 4.100007
v 0.112152 37.741280 4.100007
v 0.123663 37.709019 4.100007
v 0.138776 37.678280 4.100007
v 0.157295 37.649464 4.100007
v 0.178978 37.622948 4.100007
v 0.203542 37.599075 4.100007
v 0.230667 37.578159 4.100007
v 0.260000 37.560471 4.100007
v 0.291158 37.546242 4.100007
v 0.323734 37.535656 4.100007
v 0.357306 37.528854 4.100007
v 0.391433 37.525925 4.100007
v 0.425673 37.526901 4.100007
v 0.459577 37.531776 4.100007
v 0.492705 37.540485 4.100007
v 0.524625 37.552910 4.100007
v 0.554919 37.568897 4.100007
v 0.583194 37.588230 4.100007
v 0.609081 37.610661 4.100007
v 0.632243 37.635899 4.100007
v 0.652376 37.663609 4.100007
v 0.669220 37.693436 4.100007
v 0.682553 37.724987 4.100007
v 0.692204 37.757851 4.100007
v 0.698045 37.791603 4.100007
v 0.698045 37.859997 -0.400000
v 0.692204 37.893749 -0.400000
v 0.682553 37.926617 -0.400000
v 0.669220 37.958168 -0.400000
v 0.652376 37.987991 -0.400000
v 0.632243 38.015705 -0.400000
v 0.609081 38.040939 -0.400000
v 0.583194 38.063370 -0.400000
v 0.554919 38.082706 -0.400000
v 0.524625 38.098690 -0.400000
v 0.492705 38.111118 -0.400000
v 0.459577 38.119827 -0.400000
v 0.425673 38.124699 -0.400000
v 0.391433 38.125679 -0.400000
v 0.357306 38.122746 -0.400000
v 0.323734 38.115944 -0.400000
v 0.291158 38.105362 -0.400000
v 0.260000 38.091129 -0.400000
v 0.230667 38.073444 -0.400000
v 0.203542 38.052525 -0.400000
v 0.178978 38.028652 -0.400000
v 0.157295 38.002136 -0.400000
v 0.138776 37.973320 -0.400000
v 0.123663 37.942581 -0.400000
v 0.112152 37.910320 -0.400000
v 0.104394 37.876957 -0.400000
v 0.100489 37.842926 -0.400000
v 0.100489 37.808674 -0.400000
v 0.104394 37.774643 -0.400000
v 0.112152 37.741280 -0.400000
v 0.123663 37.709019 -0.400000
v 0.138776 37.678280 -0.400000
v 0.157295 37.649464 -0.400000
v 0.178978 37.622948 -0.400000
v 0.203542 37.599075 -0.400000
v 0.230667 37.578159 -0.400000
v 0.260000 37.560471 -0.400000
v 0.291158 37.546242 -0.400000
v 0.323734 37.535656 -0.400000
v 0.357306 37.528854 -0.400000
v 0.391433 37.525925 -0.400000
v 0.425673 37.526901 -0.400000
v 0.459577 37.531776 -0.400000
v 0.492705 37.540485 -0.400000
v 0.524625 37.552910 -0.400000
v 0.554919 37.568897 -0.400000
v 0.583194 37.588230 -0.400000
v 0.609081 37.610661 -0.400000
v 0.632243 37.635899 -0.400000
v 0.652376 37.663609 -0.400000
v 0.669220 37.693436 -0.400000
v 0.682553 37.724987 -0.400000
v 0.692204 37.757851 -0.400000
v 0.698045 37.791603 -0.400000
v 0.700000 25.425800 0.000000
v 0.700000 25.425800 4.100007
v 0.698045 25.459999 4.100007
v 0.692204 25.493750 4.100007
v 0.682553 25.526615 4.100007
v 0.669220 25.558167 4.100007
v 0.652376 25.587994 4.100007
v 0.632243 25.615705 4.100007
v 0.609081 25.640940 4.100007
v 0.583194 25.663372 4.100007
v 0.554919 25.682705 4.100007
v 0.524625 25.698690 4.100007
v 0.492705 25.711119 4.100007
v 0.459577 25.719826 4.100007
v 0.425673 25.724701 4.100007
v 0.391433 25.725679 4.100007
v 0.357306 25.722748 4.100007
v 0.323734 25.715944 4.100007
v 0.291158 25.705360 4.100007
v 0.260000 25.691132 4.100007
v 0.230667 25.673443 4.100007
v 0.203542 25.652525 4.100007
v 0.178978 25.628653 4.100007
v 0.157295 25.602137 4.100007
v 0.138776 25.573320 4.100007
v 0.123663 25.542582 4.100007
v 0.112152 25.510321 4.100007
v 0.104394 25.476957 4.100007
v 0.100489 25.442928 4.100007
v 0.100489 25.408674 4.100007
v 0.104394 25.374643 4.100007
v 0.112152 25.341282 4.100007
v 0.123663 25.309019 4.100007
v 0.138776 25.278280 4.100007
v 0.157295 25.249466 4.100007
v 0.178978 25.222948 4.100007
v 0.203542 25.199076 4.100007
v 0.230667 25.178160 4.100007
v 0.260000 25.160471 4.100007
v 0.291158 25.146242 4.100007
v 0.323734 25.135656 4.100007
v 0.357306 25.128855 4.100007
v 0.391433 25.125923 4.100007
v 0.425673 25.126902 4.100007
v 0.459577 25.131777 4.100007
v 0.492705 25.140484 4.100007
v 0.524625 25.152912 4.100007
v 0.554919 25.168896 4.100007
v 0.583194 25.188231 4.100007
v 0.609081 25.210661 4.100007
v 0.632243 25.235897 4.100007
v 0.652376 25.263609 4.100007
v 0.669220 25.293434 4.100007
v 0.682553 25.324986 4.100007
v 0.692204 25.357851 4.100007
v 0.698045 25.391603 4.100007
v 0.698045 25.459999 0.000000
v 0.692204 25.493750 0.000000
v 0.682553 25.526615 0.000000
v 0.669220 25.558167 0.000000
v 0.652376 25.587994 0.000000
v 0.632243 25.615705 0.000000
v 0.609081 25.640940 0.000000
v 0.583194 25.663372 0.000000
v 0.554919 25.682705 0.000000
v 0.524625 25.698690 0.000000
v 0.492705 25.711119 0.000000
v 0.459577 25.719826 0.000000
v 0.425673 25.724701 0.000000
v 0.391433 25.725679 0.000000
v 0.357306 25.722748 0.000000
v 0.323734 25.715944 0.000000
v 0.291158 25.705360 0.000000
v 0.260000 25.691132 0.000000
v 0.230667 25.673443 0.000000
v 0.203542 25.652525 0.000000
v 0.178978 25.628653 0.000000
v 0.157295 25.602137 0.000000
v 0.138776 25.573320 0.000000
v 0.123663 25.542582 0.000000
v 0.112152 25.510321 0.000000
v 0.104394 25.476957 0.000000
v 0.100489 25.442928 0.000000
v 0.100489 25.408674 0.000000
v 0.104394 25.374643 0.000000
v 0.112152 25.341282 0.000000
v 0.123663 25.309019 0.000000
v 0.138776 25.278280 0.000000
v 0.157295 25.249466 0.000000
v 0.178978 25.222948 0.000000
v 0.203542 25.199076 0.000000
v 0.230667 25.178160 0.000000
v 0.260000 25.160471 0.000000
v 0.291158 25.146242 0.000000
v 0.323734 25.135656 0.000000
v 0.357306 25.128855 0.000000
v 0.391433 25.125923 0.000000
v 0.425673 25.126902 0.000000
v 0.459577 25.131777 0.000000
v 0.492705 25.140484 0.000000
v 0.524625 25.152912 0.000000
v 0.554919 25.168896 0.000000
v 0.583194 25.188231 0.000000
v 0.609081 25.210661 0.000000
v 0.632243 25.235897 0.000000
v 0.652376 25.263609 0.000000
v 0.669220 25.293434 0.000000
v 0.682553 25.324986 0.000000
v 0.692204 25.357851 0.000000
v 0.698045 25.391603 0.000000
v 0.700000 19.225801 0.000000
v 0.700000 19.225801 4.100007
v 0.698045 19.259998 4.100007
v 0.692204 19.293751 4.100007
v 0.682553 19.326616 4.100007
v 0.669220 19.358168 4.100007
v 0.652376 19.387993 4.100007
v 0.632243 19.415705 4.100007
v 0.609081 19.440941 4.100007
v 0.583194 19.463371 4.100007
v 0.554919 19.482706 4.100007
v 0.524625 19.498690 4.100007
v 0.492705 19.511118 4.100007
v 0.459577 19.519825 4.100007
v 0.425673 19.524700 4.100007
v 0.391433 19.525679 4.100007
v 0.357306 19.522747 4.100007
v 0.323734 19.515945 4.100007
v 0.291158 19.505360 4.100007
v 0.260000 19.491131 4.100007
v 0.230667 19.473442 4.100007
v 0.203542 19.452526 4.100007
v 0.178978 19.428654 4.100007
v 0.157295 19.402136 4.100007
v 0.138776 19.373322 4.100007
v 0.123663 19.342583 4.100007
v 0.112152 19.310320 4.100007
v 0.104394 19.276958 4.100007
v 0.100489 19.242928 4.100007
v 0.100489 19.208673 4.100007
v 0.104394 19.174644 4.100007
v 0.112152 19.141281 4.100007
v 0.123663 19.109020 4.100007
v 0.138776 19.078281 4.100007
v 0.157295 19.049465 4.100007
v 0.178978 19.022949 4.100007
v 0.203542 18.999077 4.100007
v 0.230667 18.978159 4.100007
v 0.260000 18.960470 4.100007
v 0.291158 18.946241 4.100007
v 0.323734 18.935658 4.100007
v 0.357306 18.928854 4.100007
v 0.391433 18.925922 4.100007
v 0.425673 18.926901 4.100007
v 0.459577 18.931776 4.100007
v 0.492705 18.940483 4.100007
v 0.524625 18.952911 4.100007
v 0.554919 18.968897 4.100007
v 0.583194 18.988230 4.100007
v 0.609081 19.010662 4.100007
v 0.632243 19.035896 4.100007
v 0.652376 19.063608 4.100007
v 0.669220 19.093435 4.100007
v 0.682553 19.124987 4.100007
v 0.692204 19.157852 4.100007
v 0.698045 19.191603 4.100007
v 0.698045 19.259998 0.000000
v 0.692204 19.293751 0.000000
v 0.682553 19.326616 0.000000
v 0.669220 19.358168 0.000000
v 0.652376 19.387993 0.000000
v 0.632243 19.415705 0.000000
v 0.609081 19.440941 0.000000
v 0.583194 19.463371 0.000000
v 0.554919 19.482706 0.000000
v 0.524625 19.498690 0.000000
v 0.492705 19.511118 0.000000
v 0.459577 19.519825 0.000000
v 0.425673 19.524700 0.000000
v 0.391433 19.525679 0.000000
v 0.357306 19.522747 0.000000
v 0.323734 19.515945 0.000000
v 0.291158 19.505360 0.000000
v 0.260000 19.491131 0.000000
v 0.230667 19.473442 0.000000
v 0.203542 19.452526 0.000000
v 0.178978 19.428654 0.000000
v 0.157295 19.402136 0.000000
v 0.138776 19.373322 0.000000
v 0.123663 19.342583 0.000000
v 0.112152 19.310320 0.000000
v 0.104394 19.276958 0.000000
v 0.100489 19.242928 0.000000
v 0.100489 19.208673 0.000000
v 0.104394 19.174644 0.000000
v 0.112152 19.141281 0.000000
v 0.123663 19.109020 0.000000
v 0.138776 19.078281 0.000000
v 0.157295 19.049465 0.000000
v 0.178978 19.022949 0.000000
v 0.203542 18.999077 0.000000
v 0.230667 18.978159 0.000000
v 0.260000 18.960470 0.000000
v 0.291158 18.946241 0.000000
v 0.323734 18.935658 0.000000
v 0.357306 18.928854 0.000000
v 0.391433 18.925922 0.000000
v 0.425673 18.926901 0.000000
v 0.459577 18.931776 0.000000
v 0.492705 18.940483 0.000000
v 0.524625 18.952911 0.000000
v 0.554919 18.968897 0.000000
v 0.583194 18.988230 0.000000
v 0.609081 19.010662 0.000000
v 0.632243 19.035896 0.000000
v 0.652376 19.063608 0.000000
v 0.669220 19.093435 0.000000
v 0.682553 19.124987 0.000000
v 0.692204 19.157852 0.000000
v 0.698045 19.191603 0.000000
v 25.611937 13.425801 0.000000
v 25.611937 13.425801 4.200007
v 24.811937 13.425801 4.200007
v 24.811937 13.425801 0.000000
v 24.811937 12.625801 4.200007
v 24.811937 12.625801 0.000000
v 25.611937 12.625801 4.200007
v 25.611937 12.625801 0.000000
v 25.611937 7.225801 0.000000
v 25.611937 7.225801 4.200007
v 24.811937 7.225801 4.200007
v 24.811937 7.225801 0.000000
v 24.811937 6.425801 4.200007
v 24.811937 6.425801 0.000000
v 25.611937 6.425801 4.200007
v 25.611937 6.425801 0.000000
v 25.611937 0.820000 0.000000
v 25.611937 0.820000 4.200007
v 24.811937 0.820000 4.200007
v 24.811937 0.820000 0.000000
v 24.811937 0.020000 4.200007
v 24.811937 0.020000 0.000000
v 25.611937 0.020000 4.200007
v 25.611937 0.020000 0.000000
v 19.403139 32.020584 0.000000
v 19.403139 32.020584 4.200007
v 18.603140 32.020584 4.200007
v 18.603140 32.020584 0.000000
v 18.603140 31.220585 4.200007
v 18.603140 31.220585 0.000000
v 19.403139 31.220585 4.200007
v 19.403139 31.220585 0.000000
v 25.791937 32.326530 0.000000
v 25.791937 32.326530 4.200007
v 24.991938 32.326530 4.200007
v 24.991938 32.326530 0.000000
v 24.991938 31.526529 4.200007
v 24.991938 31.526529 0.000000
v 25.791937 31.526529 4.200007
v 25.791937 31.526529 0.000000
v 31.413368 32.326530 0.000000
v 31.413368 32.326530 4.200007
v 30.613367 32.326530 4.200007
v 30.613367 32.326530 0.000000
v 30.613367 31.526529 4.200007
v 30.613367 31.526529 0.000000
v 31.413368 31.526529 4.200007
v 31.413368 31.526529 0.000000
v 31.411938 50.475800 0.000000
v 31.411938 50.475800 4.200007
v 30.911938 50.475800 4.200007
v 30.911938 50.475800 0.000000
v 30.911938 49.975800 4.200007
v 30.911938 49.975800 0.000000
v 31.411938 49.975800 4.200007
v 31.411938 49.975800 0.000000
v 25.613367 50.625801 0.000000
v 25.613367 50.625801 4.200007
v 24.813368 50.625801 4.200007
v 24.813368 50.625801 0.000000
v 24.813368 49.825802 4.200007
v 24.813368 49.825802 0.000000
v 25.613367 49.825802 4.200007
v 25.613367 49.825802 0.000000
v 31.411938 56.670586 0.000000
v 31.411938 56.670586 4.200007
v 30.911938 56.670586 4.200007
v 30.911938 56.670586 0.000000
v 30.911938 56.170586 4.200007
v 30.911938 56.170586 0.000000
v 31.411938 56.170586 4.200007
v 31.411938 56.170586 0.000000
v 26.015436 56.820583 0.000000
v 26.015436 56.820583 4.200007
v 25.215437 56.820583 4.200007
v 25.215437 56.820583 0.000000
v 25.215437 56.020584 4.200007
v 25.215437 56.020584 0.000000
v 26.015436 56.020584 4.200007
v 26.015436 56.020584 0.000000
v 31.411938 62.875801 0.000000
v 31.411938 62.875801 4.200007
v 30.911938 62.875801 4.200007
v 30.911938 62.875801 0.000000
v 30.911938 62.375801 4.200007
v 30.911938 62.375801 0.000000
v 31.411938 62.375801 4.200007
v 31.411938 62.375801 0.000000
v 26.000259 63.025803 0.000000
v 26.000259 63.025803 4.200007
v 25.200260 63.025803 4.200007
v 25.200260 63.025803 0.000000
v 25.200260 62.225800 4.200007
v 25.200260 62.225800 0.000000
v 26.000259 62.225800 4.200007
v 26.000259 62.225800 0.000000
v 26.000259 69.169998 0.000000
v 26.000259 69.169998 4.200007
v 25.200260 69.169998 4.200007
v 25.200260 69.169998 0.000000
v 25.200260 68.370003 4.200007
v 25.200260 68.370003 0.000000
v 26.000259 68.370003 4.200007
v 26.000259 68.370003 0.000000
v 39.496937 69.225800 0.000000
v 39.496937 69.225800 4.200007
v 39.496937 68.425804 4.200007
v 39.496937 68.425804 0.000000
v 40.396938 68.425804 4.200007
v 40.396938 68.425804 0.000000
v 40.396938 69.225800 4.200007
v 40.396938 69.225800 0.000000
v 39.496937 63.025803 0.000000
v 39.496937 63.025803 4.200007
v 39.496937 62.225800 4.200007
v 39.496937 62.225800 0.000000
v 40.396938 62.225800 4.200007
v 40.396938 62.225800 0.000000
v 40.396938 63.025803 4.200007
v 40.396938 63.025803 0.000000
v 39.496937 56.825802 0.000000
v 39.496937 56.825802 4.200007
v 39.496937 56.025803 4.200007
v 39.496937 56.025803 0.000000
v 40.396938 56.025803 4.200007
v 40.396938 56.025803 0.000000
v 40.396938 56.825802 4.200007
v 40.396938 56.825802 0.000000
v 39.496937 50.625801 0.000000
v 39.496937 50.625801 4.200007
v 39.496937 49.825802 4.200007
v 39.496937 49.825802 0.000000
v 40.396938 49.825802 4.200007
v 40.396938 49.825802 0.000000
v 40.396938 50.625801 4.200007
v 40.396938 50.625801 0.000000
v 39.496937 44.425800 0.000000
v 39.496937 44.425800 4.200007
v 39.496937 43.625801 4.200007
v 39.496937 43.625801 0.000000
v 40.396938 43.625801 4.200007
v 40.396938 43.625801 0.000000
v 40.396938 44.425800 4.200007
v 40.396938 44.425800 0.000000
v 39.496937 38.225800 0.000000
v 39.496937 38.225800 4.200007
v 39.496937 37.425800 4.200007
v 39.496937 37.425800 0.000000
v 40.396938 37.425800 4.200007
v 40.396938 37.425800 0.000000
v 40.396938 38.225800 4.200007
v 40.396938 38.225800 0.000000
v 39.496937 32.025803 0.000000
v 39.496937 32.025803 4.200007
v 39.496937 31.225801 4.200007
v 39.496937 31.225801 0.000000
v 40.396938 31.225801 4.200007
v 40.396938 31.225801 0.000000
v 40.396938 32.025803 4.200007
v 40.396938 32.025803 0.000000
v 39.496937 25.825802 0.000000
v 39.496937 25.825802 4.200007
v 39.496937 25.025801 4.200007
v 39.496937 25.025801 0.000000
v 40.396938 25.025801 4.200007
v 40.396938 25.025801 0.000000
v 40.396938 25.825802 4.200007
v 40.396938 25.825802 0.000000
v 40.396938 19.460209 0.000000
v 40.396938 19.460209 4.200007
v 39.596935 19.460209 4.200007
v 39.596935 19.460209 0.000000
v 39.596935 18.560209 4.200007
v 39.596935 18.560209 0.000000
v 40.396938 18.560209 4.200007
v 40.396938 18.560209 0.000000
v 25.611937 19.420002 0.000000
v 25.611937 19.420002 4.200007
v 24.811937 19.420002 4.200007
v 24.811937 19.420002 0.000000
v 24.811937 18.620001 4.200007
v 24.811937 18.620001 0.000000
v 25.611937 18.620001 4.200007
v 25.611937 18.620001 0.000000
v 31.411938 19.920002 0.000000
v 31.411938 19.920002 4.200007
v 30.611937 19.920002 4.200007
v 30.611937 19.920002 0.000000
v 30.611937 19.120001 4.200007
v 30.611937 19.120001 0.000000
v 31.411938 19.120001 4.200007
v 31.411938 19.120001 0.000000
v 31.411938 25.520002 0.000000
v 31.411938 25.520002 4.200007
v 30.611937 25.520002 4.200007
v 30.611937 25.520002 0.000000
v 30.611937 24.720001 4.200007
v 30.611937 24.720001 0.000000
v 31.411938 24.720001 4.200007
v 31.411938 24.720001 0.000000
v 25.600260 25.520002 0.000000
v 25.600260 25.520002 4.200007
v 24.800261 25.520002 4.200007
v 24.800261 25.520002 0.000000
v 24.800261 24.720001 4.200007
v 24.800261 24.720001 0.000000
v 25.600260 24.720001 4.200007
v 25.600260 24.720001 0.000000
v 13.781936 25.825802 0.000000
v 13.781936 25.825802 4.200007
v 12.981936 25.825802 4.200007
v 12.981936 25.825802 0.000000
v 12.981936 25.025801 4.200007
v 12.981936 25.025801 0.000000
v 13.781936 25.025801 4.200007
v 13.781936 25.025801 0.000000
v 19.601587 25.825802 0.000000
v 19.601587 25.825802 4.200007
v 18.801588 25.825802 4.200007
v 18.801588 25.825802 0.000000
v 18.801588 25.025801 4.200007
v 18.801588 25.025801 0.000000
v 19.601587 25.025801 4.200007
v 19.601587 25.025801 0.000000
v 13.781936 19.625801 0.000000
v 13.781936 19.625801 4.200007
v 12.981936 19.625801 4.200007
v 12.981936 19.625801 0.000000
v 12.981936 18.825802 4.200007
v 12.981936 18.825802 0.000000
v 13.781936 18.825802 4.200007
v 13.781936 18.825802 0.000000
v 19.601587 19.625801 0.000000
v 19.601587 19.625801 4.200007
v 18.801588 19.625801 4.200007
v 18.801588 19.625801 0.000000
v 18.801588 18.825802 4.200007
v 18.801588 18.825802 0.000000
v 19.601587 18.825802 4.200007
v 19.601587 18.825802 0.000000
v 13.781936 13.425801 0.000000
v 13.781936 13.425801 4.200007
v 12.981936 13.425801 4.200007
v 12.981936 13.425801 0.000000
v 12.981936 12.625801 4.200007
v 12.981936 12.625801 0.000000
v 13.781936 12.625801 4.200007
v 13.781936 12.625801 0.000000
v 19.601587 13.425801 0.000000
v 19.601587 13.425801 4.200007
v 18.801588 13.425801 4.200007
v 18.801588 13.425801 0.000000
v 18.801588 12.625801 4.200007
v 18.801588 12.625801 0.000000
v 19.601587 12.625801 4.200007
v 19.601587 12.625801 0.000000
v 13.781936 7.225801 0.000000
v 13.781936 7.225801 4.200007
v 12.981936 7.225801 4.200007
v 12.981936 7.225801 0.000000
v 12.981936 6.425801 4.200007
v 12.981936 6.425801 0.000000
v 13.781936 6.425801 4.200007
v 13.781936 6.425801 0.000000
v 19.601587 7.225801 0.000000
v 19.601587 7.225801 4.200007
v 18.801588 7.225801 4.200007
v 18.801588 7.225801 0.000000
v 18.801588 6.425801 4.200007
v 18.801588 6.425801 0.000000
v 19.601587 6.425801 4.200007
v 19.601587 6.425801 0.000000
v 19.596937 0.820001 0.000000
v 19.596937 0.820001 4.200007
v 18.796938 0.820001 4.200007
v 18.796938 0.820001 0.000000
v 18.796938 0.020001 4.200007
v 18.796938 0.020001 0.000000
v 19.596937 0.020001 4.200007
v 19.596937 0.020001 0.000000
v 13.781936 1.420585 0.000000
v 13.781936 1.420585 4.200007
v 12.981936 1.420585 4.200007
v 12.981936 1.420585 0.000000
v 12.981936 0.620585 4.200007
v 12.981936 0.620585 0.000000
v 13.781936 0.620585 4.200007
v 13.781936 0.620585 0.000000
v 4.800000 7.240584 0.000000
v 4.800000 7.240584 4.200007
v 4.000000 7.240584 4.200007
v 4.000000 7.240584 0.000000
v 4.000000 6.440585 4.200007
v 4.000000 6.440585 0.000000
v 4.800000 6.440585 4.200007
v 4.800000 6.440585 0.000000
v 4.800000 13.425801 0.000000
v 4.800000 13.425801 4.200007
v 4.000000 13.425801 4.200007
v 4.000000 13.425801 0.000000
v 4.000000 12.625801 4.200007
v 4.000000 12.625801 0.000000
v 4.800000 12.625801 4.200007
v 4.800000 12.625801 0.000000
v 4.800000 19.620584 0.000000
v 4.800000 19.620584 4.200007
v 4.000000 19.620584 4.200007
v 4.000000 19.620584 0.000000
v 4.000000 18.820585 4.200007
v 4.000000 18.820585 0.000000
v 4.800000 18.820585 4.200007
v 4.800000 18.820585 0.000000
v 4.800000 25.825802 0.000000
v 4.800000 25.825802 4.200007
v 4.000000 25.825802 4.200007
v 4.000000 25.825802 0.000000
v 4.000000 25.025801 4.200007
v 4.000000 25.025801 0.000000
v 4.800000 25.025801 4.200007
v 4.800000 25.025801 0.000000
v 19.593367 50.625801 0.000000
v 19.593367 50.625801 4.200007
v 18.793367 50.625801 4.200007
v 18.793367 50.625801 0.000000
v 18.793367 49.825802 4.200007
v 18.793367 49.825802 0.000000
v 19.593367 49.825802 4.200007
v 19.593367 49.825802 0.000000
v 13.781936 50.625801 0.000000
v 13.781936 50.625801 4.200007
v 12.981936 50.625801 4.200007
v 12.981936 50.625801 0.000000
v 12.981936 49.825802 4.200007
v 12.981936 49.825802 0.000000
v 13.781936 49.825802 4.200007
v 13.781936 49.825802 0.000000
v 19.591938 57.020000 0.000000
v 19.591938 57.020000 4.200007
v 18.791937 57.020000 4.200007
v 18.791937 57.020000 0.000000
v 18.791937 56.120003 4.200007
v 18.791937 56.120003 0.000000
v 19.591938 56.120003 4.200007
v 19.591938 56.120003 0.000000
v 13.774765 56.524796 0.000000
v 13.774765 56.524796 4.200007
v 12.974765 56.524796 4.200007
v 12.974765 56.524796 0.000000
v 12.974765 55.724796 4.200007
v 12.974765 55.724796 0.000000
v 13.774765 55.724796 4.200007
v 13.774765 55.724796 0.000000
v 4.800000 57.020000 0.000000
v 4.800000 57.020000 4.200007
v 4.000000 57.020000 4.200007
v 4.000000 57.020000 0.000000
v 4.000000 56.120003 4.200007
v 4.000000 56.120003 0.000000
v 4.800000 56.120003 4.200007
v 4.800000 56.120003 0.000000
v 4.800000 50.625801 0.000000
v 4.800000 50.625801 4.200007
v 4.000000 50.625801 4.200007
v 4.000000 50.625801 0.000000
v 4.000000 49.825802 4.200007
v 4.000000 49.825802 0.000000
v 4.800000 49.825802 4.200007
v 4.800000 49.825802 0.000000
v 4.800000 44.425800 0.000000
v 4.800000 44.425800 4.200007
v 4.000000 44.425800 4.200007
v 4.000000 44.425800 0.000000
v 4.000000 43.625801 4.200007
v 4.000000 43.625801 0.000000
v 4.800000 43.625801 4.200007
v 4.800000 43.625801 0.000000
v 4.800000 38.225800 0.000000
v 4.800000 38.225800 4.200007
v 4.000000 38.225800 4.200007
v 4.000000 38.225800 0.000000
v 4.000000 37.425800 4.200007
v 4.000000 37.425800 0.000000
v 4.800000 37.425800 4.200007
v 4.800000 37.425800 0.000000
v 4.800000 32.020584 0.000000
v 4.800000 32.020584 4.200007
v 4.000000 32.020584 4.200007
v 4.000000 32.020584 0.000000
v 4.000000 31.220585 4.200007
v 4.000000 31.220585 0.000000
v 4.800000 31.220585 4.200007
v 4.800000 31.220585 0.000000
v 13.781936 32.020584 0.000000
v 13.781936 32.020584 4.200007
v 12.981936 32.020584 4.200007
v 12.981936 32.020584 0.000000
v 12.981936 31.220585 4.200007
v 12.981936 31.220585 0.000000
v 13.781936 31.220585 4.200007
v 13.781936 31.220585 0.000000
f 2 1 4
f 3 2 4
f 3 4 6
f 5 3 6
f 5 6 8
f 7 5 8
f 7 8 1
f 2 7 1
f 6 4 1
f 8 6 1
f 2 3 5
f 2 5 7
f 12 9 10
f 12 10 11
f 14 12 11
f 14 11 13
f 16 14 13
f 16 13 15
f 18 16 15
f 18 15 17
f 20 18 17
f 20 17 19
f 22 20 19
f 22 19 21
f 24 23 22
f 21 24 22
f 10 9 23
f 24 10 23
f 14 23 9
f 14 9 12
f 23 14 22
f 22 14 16
f 16 18 20
f 22 16 20
f 10 24 13
f 11 10 13
f 21 13 24
f 15 13 21
f 19 17 15
f 19 15 21
f 26 25 28
f 27 26 28
f 27 28 30
f 29 27 30
f 29 30 32
f 31 29 32
f 31 32 25
f 26 31 25
f 30 28 25
f 32 30 25
f 26 27 29
f 26 29 31
f 34 33 36
f 35 34 36
f 35 36 38
f 37 35 38
f 37 38 40
f 39 37 40
f 39 40 33
f 34 39 33
f 38 36 33
f 40 38 33
f 34 35 37
f 34 37 39
f 42 41 44
f 43 42 44
f 43 44 46
f 45 43 46
f 45 46 48
f 47 45 48
f 47 48 41
f 42 47 41
f 46 44 41
f 48 46 41
f 42 43 45
f 42 45 47
f 50 49 52
f 51 50 52
f 51 52 54
f 53 51 54
f 53 54 56
f 55 53 56
f 55 56 49
f 50 55 49
f 54 52 49
f 56 54 49
f 50 51 53
f 50 53 55
f 58 57 60
f 59 58 60
f 59 60 62
f 61 59 62
f 61 62 64
f 63 61 64
f 63 64 57
f 58 63 57
f 62 60 57
f 64 62 57
f 58 59 61
f 58 61 63
f 66 65 68
f 67 66 68
f 67 68 70
f 69 67 70
f 69 70 72
f 71 69 72
f 71 72 65
f 66 71 65
f 70 68 65
f 72 70 65
f 66 67 69
f 66 69 71
f 74 73 76
f 75 74 76
f 75 76 78
f 77 75 78
f 77 78 80
f 79 77 80
f 79 80 73
f 74 79 73
f 78 76 73
f 80 78 73
f 74 75 77
f 74 77 79
f 82 81 84
f 83 82 84
f 83 84 86
f 85 83 86
f 85 86 88
f 87 85 88
f 87 88 81
f 82 87 81
f 86 84 81
f 88 86 81
f 82 83 85
f 82 85 87
f 91 89 90
f 92 89 91
f 94 92 91
f 94 91 93
f 96 94 93
f 96 93 95
f 98 96 95
f 98 95 97
f 100 98 97
f 100 97 99
f 102 100 99
f 102 99 101
f 103 102 101
f 104 102 103
f 90 89 104
f 103 90 104
f 89 100 102
f 98 100 89
f 92 98 89
f 104 89 102
f 96 92 94
f 96 98 92
f 101 99 90
f 90 99 97
f 90 97 91
f 101 90 103
f 93 91 95
f 91 97 95
f 106 105 108
f 107 106 108
f 107 108 110
f 109 107 110
f 109 110 112
f 111 109 112
f 111 112 105
f 106 111 105
f 108 105 112
f 110 108 112
f 111 106 107
f 111 107 109
f 114 113 116
f 115 114 116
f 115 116 118
f 117 115 118
f 117 118 120
f 119 117 120
f 119 120 113
f 114 119 113
f 116 113 120
f 118 116 120
f 119 114 115
f 119 115 117
f 124 121 122
f 124 122 123
f 125 124 123
f 126 124 125
f 128 126 125
f 128 125 127
f 130 128 127
f 130 127 129
f 132 130 129
f 132 129 131
f 134 132 131
f 134 131 133
f 136 134 133
f 136 133 135
f 122 121 136
f 135 122 136
f 136 124 134
f 126 134 124
f 132 134 126
f 121 124 136
f 130 126 128
f 130 132 126
f 133 123 135
f 123 133 125
f 125 133 131
f 135 123 122
f 127 125 129
f 125 131 129
f 138 137 140
f 139 138 140
f 142 137 138
f 142 138 141
f 144 143 142
f 141 144 142
f 146 145 143
f 144 146 143
f 148 147 145
f 146 148 145
f 150 149 147
f 148 150 147
f 152 151 149
f 150 152 149
f 153 151 152
f 154 151 153
f 156 155 154
f 153 156 154
f 157 155 156
f 158 155 157
f 160 159 158
f 157 160 158
f 139 140 159
f 160 139 159
f 149 142 147
f 143 147 142
f 155 142 149
f 145 147 143
f 137 142 155
f 158 137 155
f 154 149 151
f 154 155 149
f 140 158 159
f 140 137 158
f 148 141 150
f 141 148 144
f 150 141 156
f 144 148 146
f 156 141 138
f 156 138 157
f 152 150 153
f 150 156 153
f 160 157 139
f 157 138 139
f 164 161 162
f 164 162 163
f 166 164 163
f 166 163 165
f 168 166 165
f 168 165 167
f 170 168 167
f 170 167 169
f 172 170 169
f 172 169 171
f 174 172 171
f 174 171 173
f 176 175 174
f 173 176 174
f 162 161 175
f 176 162 175
f 175 166 168
f 166 161 164
f 175 168 174
f 168 170 172
f 174 168 172
f 166 175 161
f 167 165 176
f 163 162 165
f 173 167 176
f 171 169 167
f 171 167 173
f 162 176 165
f 178 177 180
f 179 178 180
f 179 180 182
f 181 179 182
f 181 182 184
f 183 181 184
f 183 184 177
f 178 183 177
f 182 180 177
f 184 182 177
f 178 179 181
f 178 181 183
f 186 185 188
f 187 186 188
f 187 188 190
f 189 187 190
f 189 190 192
f 191 189 192
f 191 192 185
f 186 191 185
f 190 188 185
f 192 190 185
f 186 187 189
f 186 189 191
f 196 193 194
f 196 194 195
f 198 197 196
f 195 198 196
f 200 199 197
f 198 200 197
f 194 193 199
f 200 194 199
f 199 193 196
f 197 199 196
f 195 194 200
f 195 200 198
f 204 201 202
f 204 202 203
f 206 204 203
f 206 203 205
f 208 207 206
f 205 208 206
f 201 207 208
f 201 208 202
f 207 201 204
f 206 207 204
f 203 202 208
f 203 208 205
f 210 209 212
f 211 210 212
f 211 212 214
f 213 211 214
f 213 214 216
f 215 213 216
f 215 216 209
f 210 215 209
f 212 209 216
f 214 212 216
f 215 210 211
f 215 211 213
f 218 217 220
f 219 218 220
f 219 220 222
f 221 219 222
f 221 222 224
f 223 221 224
f 223 224 217
f 218 223 217
f 222 220 217
f 224 222 217
f 218 219 221
f 218 221 223
f 226 225 228
f 227 226 228
f 227 228 230
f 229 227 230
f 229 230 232
f 231 229 232
f 231 232 225
f 226 231 225
f 228 225 232
f 230 228 232
f 231 226 227
f 231 227 229
f 236 233 234
f 236 234 235
f 238 236 235
f 238 235 237
f 240 239 238
f 237 240 238
f 234 233 239
f 240 234 239
f 239 233 236
f 238 239 236
f 235 234 240
f 235 240 237
f 244 241 242
f 244 242 243
f 246 244 243
f 246 243 245
f 248 247 246
f 245 248 246
f 242 241 247
f 248 242 247
f 247 241 244
f 246 247 244
f 243 242 248
f 243 248 245
f 250 249 252
f 251 250 252
f 251 252 254
f 253 251 254
f 253 254 256
f 255 253 256
f 255 256 249
f 250 255 249
f 254 252 249
f 256 254 249
f 250 251 253
f 250 253 255
f 258 257 260
f 259 258 260
f 259 260 262
f 261 259 262
f 261 262 264
f 263 261 264
f 263 264 257
f 258 263 257
f 262 260 257
f 264 262 257
f 258 259 261
f 258 261 263
f 268 265 266
f 268 266 267
f 270 268 267
f 270 267 269
f 272 271 270
f 269 272 270
f 266 265 271
f 272 266 271
f 271 265 268
f 270 271 268
f 267 266 272
f 267 272 269
f 276 273 274
f 276 274 275
f 278 276 275
f 278 275 277
f 280 279 278
f 277 280 278
f 274 273 279
f 280 274 279
f 279 273 276
f 278 279 276
f 275 274 280
f 275 280 277
f 282 281 284
f 283 282 284
f 283 284 286
f 285 283 286
f 285 286 288
f 287 285 288
f 287 288 281
f 282 287 281
f 286 284 281
f 288 286 281
f 282 283 285
f 282 285 287
f 292 289 290
f 292 290 291
f 294 293 292
f 291 294 292
f 296 295 293
f 294 296 293
f 290 289 295
f 296 290 295
f 295 289 292
f 293 295 292
f 291 290 296
f 291 296 294
f 300 297 298
f 300 298 299
f 302 300 299
f 302 299 301
f 304 303 302
f 301 304 302
f 297 303 304
f 297 304 298
f 303 297 300
f 302 303 300
f 299 298 304
f 299 304 301
f 306 305 308
f 307 306 308
f 307 308 310
f 309 307 310
f 309 310 312
f 311 309 312
f 311 312 305
f 306 311 305
f 310 308 305
f 312 310 305
f 306 307 309
f 306 309 311
f 314 313 316
f 315 314 316
f 315 316 318
f 317 315 318
f 317 318 320
f 319 317 320
f 319 320 313
f 314 319 313
f 318 316 313
f 320 318 313
f 314 315 317
f 314 317 319
f 322 321 324
f 323 322 324
f 323 324 326
f 325 323 326
f 325 326 328
f 327 325 328
f 327 328 321
f 322 327 321
f 326 324 321
f 328 326 321
f 322 323 325
f 322 325 327
f 332 329 330
f 332 330 331
f 334 332 331
f 334 331 333
f 336 334 333
f 336 333 335
f 337 336 335
f 338 336 337
f 340 338 337
f 340 337 339
f 342 340 339
f 342 339 341
f 343 342 341
f 344 342 343
f 346 344 343
f 346 343 345
f 348 346 345
f 348 345 347
f 350 348 347
f 350 347 349
f 352 351 350
f 349 352 350
f 330 329 351
f 352 330 351
f 334 351 329
f 351 334 336
f 334 329 332
f 351 336 342
f 336 338 340
f 342 336 340
f 342 344 350
f 351 342 350
f 344 346 348
f 350 344 348
f 330 352 333
f 335 333 352
f 331 330 333
f 341 335 352
f 339 337 335
f 339 335 341
f 349 343 341
f 349 341 352
f 347 345 343
f 347 343 349
f 356 353 354
f 356 354 355
f 358 356 355
f 358 355 357
f 360 358 357
f 360 357 359
f 362 360 359
f 362 359 361
f 364 362 361
f 364 361 363
f 366 364 363
f 366 363 365
f 368 366 365
f 368 365 367
f 370 368 367
f 370 367 369
f 372 370 369
f 372 369 371
f 374 372 371
f 374 371 373
f 376 374 373
f 376 373 375
f 354 353 376
f 375 354 376
f 356 372 353
f 374 353 372
f 376 353 374
f 362 372 356
f 370 372 362
f 364 370 362
f 360 356 358
f 360 362 356
f 368 364 366
f 368 370 364
f 354 371 355
f 371 354 373
f 373 354 375
f 355 371 361
f 361 371 369
f 361 369 363
f 357 355 359
f 355 361 359
f 365 363 367
f 363 369 367
f 378 377 380
f 379 378 380
f 382 377 378
f 382 378 381
f 384 382 381
f 384 381 383
f 386 385 384
f 383 386 384
f 388 387 385
f 386 388 385
f 390 389 388
f 388 389 387
f 392 389 390
f 392 390 391
f 379 380 392
f 391 379 392
f 389 382 387
f 384 387 382
f 385 387 384
f 377 382 389
f 380 389 392
f 380 377 389
f 388 381 390
f 381 388 383
f 383 388 386
f 390 381 378
f 391 390 379
f 390 378 379
f 394 393 396
f 395 394 396
f 395 396 398
f 397 395 398
f 397 398 400
f 399 397 400
f 399 400 393
f 394 399 393
f 398 396 393
f 400 398 393
f 394 395 397
f 394 397 399
f 404 401 402
f 404 402 403
f 406 404 403
f 406 403 405
f 408 406 405
f 408 405 407
f 410 408 407
f 410 407 409
f 412 410 409
f 412 409 411
f 414 412 411
f 414 411 413
f 416 415 414
f 413 416 414
f 402 401 415
f 416 402 415
f 414 415 406
f 414 406 408
f 406 415 401
f 406 401 404
f 408 410 412
f 408 412 414
f 405 416 413
f 407 405 413
f 402 416 405
f 403 402 405
f 411 409 407
f 413 411 407
f 420 417 418
f 420 418 419
f 422 420 419
f 422 419 421
f 424 422 421
f 424 421 423
f 426 424 423
f 426 423 425
f 428 426 425
f 428 425 427
f 430 428 427
f 430 427 429
f 432 431 430
f 429 432 430
f 418 417 431
f 432 418 431
f 431 422 430
f 430 422 424
f 422 417 420
f 424 426 428
f 422 431 417
f 424 428 430
f 429 421 432
f 423 421 429
f 419 418 421
f 427 425 423
f 418 432 421
f 429 427 423
f 434 433 436
f 435 434 436
f 435 436 438
f 437 435 438
f 437 438 440
f 439 437 440
f 439 440 433
f 434 439 433
f 438 436 433
f 440 438 433
f 434 435 437
f 434 437 439
f 442 441 444
f 443 442 444
f 443 444 446
f 445 443 446
f 445 446 448
f 447 445 448
f 447 448 441
f 442 447 441
f 446 444 441
f 448 446 441
f 442 443 445
f 442 445 447
f 450 449 452
f 451 450 452
f 451 452 454
f 453 451 454
f 453 454 456
f 455 453 456
f 455 456 449
f 450 455 449
f 454 452 449
f 456 454 449
f 450 451 453
f 450 453 455
f 458 457 460
f 459 458 460
f 459 460 462
f 461 459 462
f 461 462 464
f 463 461 464
f 463 464 457
f 458 463 457
f 462 460 457
f 464 462 457
f 458 459 461
f 458 461 463
f 466 465 468
f 467 466 468
f 467 468 470
f 469 467 470
f 469 470 472
f 471 469 472
f 471 472 465
f 466 471 465
f 470 468 465
f 472 470 465
f 466 467 469
f 466 469 471
f 474 473 476
f 475 474 476
f 475 476 478
f 477 475 478
f 477 478 480
f 479 477 480
f 479 480 473
f 474 479 473
f 478 476 473
f 480 478 473
f 474 475 477
f 474 477 479
f 482 481 484
f 483 482 484
f 483 484 486
f 485 483 486
f 485 486 488
f 487 485 488
f 487 488 490
f 489 487 490
f 489 490 492
f 491 489 492
f 491 492 494
f 493 491 494
f 493 494 496
f 495 493 496
f 495 496 481
f 482 495 481
f 496 494 490
f 490 494 492
f 490 488 481
f 496 490 481
f 488 486 484
f 481 488 484
f 489 493 495
f 491 493 489
f 482 487 489
f 482 489 495
f 483 485 487
f 483 487 482
f 498 497 500
f 499 498 500
f 499 500 502
f 501 499 502
f 501 502 504
f 503 501 504
f 503 504 497
f 498 503 497
f 502 500 497
f 504 502 497
f 498 499 501
f 498 501 503
f 506 505 508
f 507 506 508
f 507 508 510
f 509 507 510
f 509 510 512
f 511 509 512
f 511 512 505
f 506 511 505
f 510 508 505
f 512 510 505
f 506 507 509
f 506 509 511
f 514 513 516
f 515 514 516
f 515 516 518
f 517 515 518
f 517 518 520
f 519 517 520
f 519 520 513
f 514 519 513
f 518 516 513
f 520 518 513
f 514 515 517
f 514 517 519
f 522 521 524
f 523 522 524
f 523 524 526
f 525 523 526
f 525 526 528
f 527 525 528
f 527 528 521
f 522 527 521
f 526 524 521
f 528 526 521
f 522 523 525
f 522 525 527
f 530 529 532
f 531 530 532
f 531 532 534
f 533 531 534
f 533 534 536
f 535 533 536
f 535 536 529
f 530 535 529
f 534 532 529
f 536 534 529
f 530 531 533
f 530 533 535
f 538 537 540
f 539 538 540
f 539 540 542
f 541 539 542
f 541 542 544
f 543 541 544
f 543 544 537
f 538 543 537
f 542 540 537
f 544 542 537
f 538 539 541
f 538 541 543
f 546 545 548
f 547 546 548
f 547 548 550
f 549 547 550
f 549 550 552
f 551 549 552
f 551 552 545
f 546 551 545
f 550 548 545
f 552 550 545
f 546 547 549
f 546 549 551
f 554 553 556
f 555 554 556
f 555 556 558
f 557 555 558
f 557 558 560
f 559 557 560
f 559 560 553
f 554 559 553
f 558 556 553
f 560 558 553
f 554 555 557
f 554 557 559
f 562 561 564
f 563 562 564
f 563 564 566
f 565 563 566
f 565 566 568
f 567 565 568
f 567 568 561
f 562 567 561
f 566 564 561
f 568 566 561
f 562 563 565
f 562 565 567
f 570 569 572
f 571 570 572
f 571 572 574
f 573 571 574
f 573 574 576
f 575 573 576
f 575 576 569
f 570 575 569
f 574 572 569
f 576 574 569
f 570 571 573
f 570 573 575
f 578 577 580
f 579 578 580
f 579 580 582
f 581 579 582
f 581 582 584
f 583 581 584
f 583 584 577
f 578 583 577
f 582 580 577
f 584 582 577
f 578 579 581
f 578 581 583
f 588 585 586
f 588 586 587
f 590 588 587
f 590 587 589
f 592 590 589
f 592 589 591
f 594 592 591
f 594 591 593
f 596 594 593
f 596 593 595
f 598 596 595
f 598 595 597
f 600 598 597
f 600 597 599
f 602 600 599
f 602 599 601
f 604 602 601
f 604 601 603
f 606 604 603
f 606 603 605
f 608 606 605
f 608 605 607
f 586 585 608
f 607 586 608
f 590 606 588
f 608 588 606
f 585 588 608
f 596 606 590
f 604 606 596
f 598 604 596
f 594 590 592
f 594 596 590
f 602 598 600
f 602 604 598
f 587 605 589
f 605 587 607
f 607 587 586
f 589 605 595
f 595 605 603
f 595 603 597
f 591 589 593
f 589 595 593
f 599 597 601
f 597 603 601
f 613 614 615
f 616 613 615
f 612 610 611
f 609 612 613
f 609 610 612
f 609 613 616
f 609 616 618
f 609 618 617
f 609 617 619
f 609 619 610
f 621 620 612
f 621 612 611
f 613 612 620
f 613 620 622
f 613 622 623
f 613 623 614
f 624 618 616
f 624 616 615
f 621 610 619
f 611 610 621
f 615 614 623
f 615 623 624
f 624 622 618
f 623 622 624
f 617 618 622
f 620 617 622
f 619 620 621
f 619 617 620
f 626 625 628
f 627 626 628
f 630 625 626
f 630 626 629
f 632 631 630
f 629 632 630
f 634 631 632
f 634 632 633
f 636 635 634
f 633 636 634
f 638 637 635
f 636 638 635
f 640 639 637
f 638 640 637
f 627 628 639
f 640 627 639
f 625 637 639
f 635 637 625
f 630 635 625
f 628 625 639
f 634 630 631
f 634 635 630
f 640 638 626
f 626 638 636
f 626 636 629
f 640 626 627
f 632 629 633
f 629 636 633
f 644 641 642
f 644 642 643
f 646 644 643
f 646 643 645
f 648 646 645
f 648 645 647
f 650 648 647
f 650 647 649
f 652 650 649
f 652 649 651
f 654 653 652
f 651 654 652
f 656 655 653
f 654 656 653
f 658 657 655
f 656 658 655
f 660 657 658
f 660 658 659
f 662 660 659
f 662 659 661
f 664 663 662
f 661 664 662
f 642 641 663
f 664 642 663
f 646 641 644
f 663 646 648
f 663 648 662
f 662 648 653
f 662 653 655
f 648 650 652
f 653 648 652
f 655 657 660
f 662 655 660
f 646 663 641
f 643 642 645
f 647 645 664
f 661 647 664
f 654 647 661
f 656 654 661
f 651 649 647
f 651 647 654
f 659 658 656
f 659 656 661
f 642 664 645
f 666 665 668
f 667 666 668
f 667 668 670
f 669 667 670
f 669 670 672
f 671 669 672
f 671 672 665
f 666 671 665
f 670 668 665
f 672 670 665
f 666 667 669
f 666 669 671
f 676 673 674
f 676 674 675
f 678 676 675
f 678 675 677
f 680 678 677
f 680 677 679
f 682 680 679
f 682 679 681
f 684 682 681
f 684 681 683
f 686 684 683
f 686 683 685
f 688 687 686
f 685 688 686
f 674 673 687
f 688 674 687
f 687 678 686
f 678 687 673
f 686 678 680
f 678 673 676
f 680 682 684
f 686 680 684
f 685 677 688
f 674 688 677
f 679 677 685
f 675 674 677
f 683 681 679
f 683 679 685
f 692 689 690
f 692 690 691
f 694 692 691
f 694 691 693
f 696 694 693
f 696 693 695
f 698 696 695
f 698 695 697
f 700 698 697
f 700 697 699
f 702 700 699
f 702 699 701
f 704 703 702
f 701 704 702
f 690 689 703
f 704 690 703
f 703 689 694
f 694 689 692
f 703 694 702
f 702 694 696
f 696 698 700
f 702 696 700
f 693 690 704
f 691 690 693
f 701 693 704
f 695 693 701
f 699 697 695
f 699 695 701
f 708 705 706
f 708 706 707
f 710 708 707
f 710 707 709
f 712 710 709
f 712 709 711
f 714 712 711
f 714 711 713
f 716 714 713
f 716 713 715
f 718 716 715
f 718 715 717
f 720 719 718
f 717 720 718
f 706 705 719
f 720 706 719
f 719 710 718
f 710 719 705
f 718 710 712
f 710 705 708
f 712 714 716
f 712 716 718
f 717 709 720
f 706 720 709
f 711 709 717
f 707 706 709
f 715 713 711
f 717 715 711
f 722 721 724
f 723 722 724
f 723 724 726
f 725 723 726
f 725 726 728
f 727 725 728
f 727 728 721
f 722 727 721
f 726 724 721
f 728 726 721
f 722 723 725
f 722 725 727
f 730 729 732
f 731 730 732
f 731 732 734
f 733 731 734
f 733 734 736
f 735 733 736
f 735 736 729
f 730 735 729
f 734 732 729
f 736 734 729
f 730 731 733
f 730 733 735
f 738 737 740
f 739 738 740
f 739 740 742
f 741 739 742
f 741 742 744
f 743 741 744
f 743 744 737
f 738 743 737
f 744 742 740
f 737 744 740
f 739 741 743
f 739 743 738
f 746 745 748
f 747 746 748
f 747 748 750
f 749 747 750
f 749 750 752
f 751 749 752
f 751 752 745
f 746 751 745
f 752 750 748
f 745 752 748
f 747 749 751
f 747 751 746
f 754 753 756
f 755 754 756
f 755 756 758
f 757 755 758
f 757 758 760
f 759 757 760
f 759 760 753
f 754 759 753
f 758 756 753
f 760 758 753
f 754 755 757
f 754 757 759
f 762 761 764
f 763 762 764
f 763 764 766
f 765 763 766
f 765 766 768
f 767 765 768
f 767 768 761
f 762 767 761
f 766 764 761
f 768 766 761
f 762 763 765
f 762 765 767
f 770 769 772
f 771 770 772
f 771 772 774
f 773 771 774
f 773 774 776
f 775 773 776
f 775 776 769
f 770 775 769
f 772 769 776
f 774 772 776
f 775 770 771
f 775 771 773
f 780 777 778
f 780 778 779
f 782 780 779
f 782 779 781
f 784 782 781
f 784 781 783
f 786 784 783
f 786 783 785
f 788 786 785
f 788 785 787
f 790 788 787
f 790 787 789
f 792 791 790
f 789 792 790
f 778 777 791
f 792 778 791
f 791 782 790
f 790 782 784
f 782 777 780
f 784 786 788
f 782 791 777
f 784 788 790
f 789 781 792
f 783 781 789
f 779 778 781
f 787 785 783
f 778 792 781
f 789 787 783
f 794 793 796
f 795 794 796
f 795 796 798
f 797 795 798
f 797 798 800
f 799 797 800
f 799 800 793
f 794 799 793
f 798 796 793
f 800 798 793
f 794 795 797
f 794 797 799
f 802 801 804
f 803 802 804
f 803 804 806
f 805 803 806
f 805 806 808
f 807 805 808
f 807 808 801
f 802 807 801
f 806 804 801
f 808 806 801
f 802 803 805
f 802 805 807
f 810 809 812
f 811 810 812
f 811 812 814
f 813 811 814
f 813 814 816
f 815 813 816
f 815 816 809
f 810 815 809
f 814 812 809
f 816 814 809
f 810 811 813
f 810 813 815
f 818 817 820
f 819 818 820
f 819 820 822
f 821 819 822
f 821 822 824
f 823 821 824
f 823 824 817
f 818 823 817
f 822 820 817
f 824 822 817
f 818 819 821
f 818 821 823
f 826 825 828
f 827 826 828
f 827 828 830
f 829 827 830
f 829 830 832
f 831 829 832
f 831 832 825
f 826 831 825
f 828 825 830
f 825 832 830
f 829 826 827
f 829 831 826
f 834 833 836
f 835 834 836
f 835 836 838
f 837 835 838
f 837 838 840
f 839 837 840
f 839 840 833
f 834 839 833
f 836 833 838
f 833 840 838
f 837 834 835
f 837 839 834
f 842 841 844
f 843 842 844
f 843 844 846
f 845 843 846
f 845 846 848
f 847 845 848
f 847 848 841
f 842 847 841
f 844 841 846
f 841 848 846
f 845 842 843
f 845 847 842
f 850 849 852
f 851 850 852
f 851 852 854
f 853 851 854
f 853 854 856
f 855 853 856
f 855 856 849
f 850 855 849
f 854 852 849
f 856 854 849
f 850 851 853
f 850 853 855
f 858 857 860
f 859 858 860
f 859 860 862
f 861 859 862
f 861 862 864
f 863 861 864
f 863 864 857
f 858 863 857
f 862 860 857
f 864 862 857
f 858 859 861
f 858 861 863
f 866 865 868
f 867 866 868
f 867 868 870
f 869 867 870
f 869 870 872
f 871 869 872
f 871 872 865
f 866 871 865
f 870 868 865
f 872 870 865
f 866 867 869
f 866 869 871
f 874 873 876
f 875 874 876
f 875 876 878
f 877 875 878
f 877 878 880
f 879 877 880
f 879 880 873
f 874 879 873
f 876 873 880
f 878 876 880
f 879 874 875
f 879 875 877
f 884 882 883
f 881 882 884
f 886 884 885
f 886 881 884
f 891 892 887
f 889 890 891
f 888 889 891
f 888 891 887
f 890 889 886
f 890 886 885
f 881 893 882
f 888 887 893
f 888 893 881
f 881 886 889
f 881 889 888
f 892 893 887
f 883 882 893
f 883 893 892
f 892 891 884
f 892 884 883
f 885 884 891
f 885 891 890
f 897 894 895
f 897 895 896
f 899 897 896
f 899 896 898
f 901 900 899
f 898 901 899
f 895 894 900
f 901 895 900
f 900 894 897
f 899 900 897
f 896 895 901
f 896 901 898
f 905 902 903
f 905 903 904
f 907 905 904
f 907 904 906
f 909 908 907
f 906 909 907
f 903 902 908
f 909 903 908
f 908 902 905
f 907 908 905
f 904 903 909
f 904 909 906
f 911 910 913
f 912 911 913
f 912 913 915
f 914 912 915
f 914 915 917
f 916 914 917
f 916 917 910
f 911 916 910
f 915 913 910
f 917 915 910
f 911 912 914
f 911 914 916
f 919 918 921
f 920 919 921
f 920 921 923
f 922 920 923
f 922 923 925
f 924 922 925
f 924 925 927
f 926 924 927
f 926 927 929
f 928 926 929
f 928 929 931
f 930 928 931
f 930 931 933
f 932 930 933
f 932 933 935
f 934 932 935
f 934 935 918
f 919 934 918
f 921 918 923
f 923 918 927
f 923 927 925
f 931 929 933
f 929 935 933
f 927 918 935
f 929 927 935
f 922 919 920
f 926 919 922
f 924 926 922
f 932 928 930
f 932 934 928
f 934 919 926
f 934 926 928
f 937 936 939
f 938 937 939
f 938 939 941
f 940 938 941
f 940 941 943
f 942 940 943
f 942 943 936
f 937 942 936
f 941 939 936
f 943 941 936
f 937 938 940
f 937 940 942
f 945 944 947
f 946 945 947
f 946 947 949
f 948 946 949
f 948 949 951
f 950 948 951
f 950 951 944
f 945 950 944
f 949 947 944
f 951 949 944
f 945 946 948
f 945 948 950
f 953 952 955
f 954 953 955
f 954 955 957
f 956 954 957
f 956 957 959
f 958 956 959
f 958 959 952
f 953 958 952
f 955 952 959
f 957 955 959
f 958 953 954
f 958 954 956
f 961 960 963
f 962 961 963
f 962 963 965
f 964 962 965
f 964 965 967
f 966 964 967
f 966 967 960
f 961 966 960
f 965 963 960
f 967 965 960
f 961 962 964
f 961 964 966
f 969 968 971
f 970 969 971
f 970 971 973
f 972 970 973
f 972 973 975
f 974 972 975
f 974 975 968
f 969 974 968
f 973 971 968
f 975 973 968
f 969 970 972
f 969 972 974
f 977 976 979
f 978 977 979
f 978 979 981
f 980 978 981
f 980 981 983
f 982 980 983
f 982 983 976
f 977 982 976
f 981 979 976
f 983 981 976
f 977 978 980
f 977 980 982
f 985 984 987
f 986 985 987
f 986 987 989
f 988 986 989
f 988 989 991
f 990 988 991
f 990 991 984
f 985 990 984
f 989 987 984
f 991 989 984
f 985 986 988
f 985 988 990
f 993 992 995
f 994 993 995
f 994 995 997
f 996 994 997
f 996 997 999
f 998 996 999
f 998 999 992
f 993 998 992
f 995 992 999
f 997 995 999
f 998 993 994
f 998 994 996
f 1001 1000 1003
f 1002 1001 1003
f 1002 1003 1005
f 1004 1002 1005
f 1004 1005 1007
f 1006 1004 1007
f 1006 1007 1000
f 1001 1006 1000
f 1003 1000 1007
f 1005 1003 1007
f 1006 1001 1002
f 1006 1002 1004
f 1011 1008 1009
f 1011 1009 1010
f 1013 1011 1010
f 1013 1010 1012
f 1015 1013 1012
f 1015 1012 1014
f 1017 1015 1014
f 1017 1014 1016
f 1019 1017 1016
f 1019 1016 1018
f 1021 1019 1018
f 1021 1018 1020
f 1023 1021 1020
f 1023 1020 1022
f 1025 1023 1022
f 1025 1022 1024
f 1027 1025 1024
f 1027 1024 1026
f 1029 1027 1026
f 1029 1026 1028
f 1031 1030 1029
f 1028 1031 1029
f 1009 1008 1030
f 1031 1009 1030
f 1030 1013 1015
f 1013 1030 1008
f 1013 1008 1011
f 1030 1015 1021
f 1030 1021 1029
f 1029 1021 1023
f 1015 1017 1019
f 1021 1015 1019
f 1023 1025 1027
f 1029 1023 1027
f 1014 1012 1031
f 1009 1031 1012
f 1010 1009 1012
f 1020 1014 1031
f 1028 1020 1031
f 1022 1020 1028
f 1018 1016 1014
f 1018 1014 1020
f 1026 1024 1022
f 1026 1022 1028
f 1033 1032 1035
f 1034 1033 1035
f 1034 1035 1037
f 1036 1034 1037
f 1036 1037 1039
f 1038 1036 1039
f 1038 1039 1032
f 1033 1038 1032
f 1035 1032 1037
f 1032 1039 1037
f 1036 1033 1034
f 1036 1038 1033
f 1041 1040 1043
f 1042 1041 1043
f 1042 1043 1045
f 1044 1042 1045
f 1044 1045 1047
f 1046 1044 1047
f 1046 1047 1040
f 1041 1046 1040
f 1045 1043 1040
f 1047 1045 1040
f 1041 1042 1044
f 1041 1044 1046
f 1049 1048 1051
f 1050 1049 1051
f 1050 1051 1053
f 1052 1050 1053
f 1052 1053 1055
f 1054 1052 1055
f 1054 1055 1048
f 1049 1054 1048
f 1051 1048 1053
f 1048 1055 1053
f 1052 1049 1050
f 1052 1054 1049
f 1057 1056 1059
f 1058 1057 1059
f 1058 1059 1061
f 1060 1058 1061
f 1060 1061 1063
f 1062 1060 1063
f 1062 1063 1065
f 1064 1062 1065
f 1064 1065 1067
f 1066 1064 1067
f 1066 1067 1056
f 1057 1066 1056
f 1056 1067 1065
f 1056 1065 1059
f 1065 1063 1061
f 1059 1065 1061
f 1064 1066 1057
f 1058 1064 1057
f 1060 1062 1064
f 1060 1064 1058
f 1069 1068 1071
f 1070 1069 1071
f 1070 1071 1073
f 1072 1070 1073
f 1072 1073 1075
f 1074 1072 1075
f 1074 1075 1068
f 1069 1074 1068
f 1073 1071 1068
f 1075 1073 1068
f 1069 1070 1072
f 1069 1072 1074
f 1077 1076 1079
f 1078 1077 1079
f 1078 1079 1081
f 1080 1078 1081
f 1080 1081 1083
f 1082 1080 1083
f 1082 1083 1076
f 1077 1082 1076
f 1079 1076 1081
f 1076 1083 1081
f 1080 1077 1078
f 1080 1082 1077
f 1085 1084 1087
f 1086 1085 1087
f 1086 1087 1089
f 1088 1086 1089
f 1088 1089 1091
f 1090 1088 1091
f 1090 1091 1084
f 1085 1090 1084
f 1089 1087 1084
f 1091 1089 1084
f 1085 1086 1088
f 1085 1088 1090
f 1093 1092 1095
f 1094 1093 1095
f 1094 1095 1097
f 1096 1094 1097
f 1096 1097 1099
f 1098 1096 1099
f 1098 1099 1092
f 1093 1098 1092
f 1097 1095 1092
f 1099 1097 1092
f 1093 1094 1096
f 1093 1096 1098
f 1101 1100 1103
f 1102 1101 1103
f 1102 1103 1105
f 1104 1102 1105
f 1104 1105 1107
f 1106 1104 1107
f 1106 1107 1100
f 1101 1106 1100
f 1103 1100 1107
f 1105 1103 1107
f 1106 1101 1102
f 1106 1102 1104
f 1109 1108 1111
f 1110 1109 1111
f 1110 1111 1113
f 1112 1110 1113
f 1112 1113 1115
f 1114 1112 1115
f 1114 1115 1108
f 1109 1114 1108
f 1113 1111 1108
f 1115 1113 1108
f 1109 1110 1112
f 1109 1112 1114
f 1117 1116 1119
f 1118 1117 1119
f 1118 1119 1121
f 1120 1118 1121
f 1120 1121 1123
f 1122 1120 1123
f 1122 1123 1116
f 1117 1122 1116
f 1121 1119 1116
f 1123 1121 1116
f 1117 1118 1120
f 1117 1120 1122
f 1127 1124 1125
f 1127 1125 1126
f 1129 1127 1126
f 1129 1126 1128
f 1131 1129 1128
f 1131 1128 1130
f 1133 1131 1130
f 1133 1130 1132
f 1135 1133 1132
f 1135 1132 1134
f 1137 1135 1134
f 1137 1134 1136
f 1139 1137 1136
f 1139 1136 1138
f 1124 1139 1138
f 1124 1138 1125
f 1133 1124 1131
f 1127 1131 1124
f 1129 1131 1127
f 1139 1124 1133
f 1137 1133 1135
f 1137 1139 1133
f 1130 1125 1132
f 1125 1130 1126
f 1126 1130 1128
f 1132 1125 1138
f 1134 1132 1136
f 1132 1138 1136
f 1141 1140 1143
f 1142 1141 1143
f 1145 1140 1141
f 1145 1141 1144
f 1147 1146 1145
f 1144 1147 1145
f 1149 1146 1147
f 1149 1147 1148
f 1151 1150 1149
f 1148 1151 1149
f 1153 1152 1150
f 1151 1153 1150
f 1155 1152 1153
f 1155 1153 1154
f 1142 1143 1155
f 1154 1142 1155
f 1155 1140 1152
f 1143 1140 1155
f 1145 1150 1152
f 1145 1152 1140
f 1149 1145 1146
f 1149 1150 1145
f 1153 1141 1154
f 1154 1141 1142
f 1153 1151 1144
f 1141 1153 1144
f 1147 1144 1148
f 1144 1151 1148
f 1157 1156 1159
f 1158 1157 1159
f 1158 1159 1161
f 1160 1158 1161
f 1160 1161 1163
f 1162 1160 1163
f 1162 1163 1165
f 1164 1162 1165
f 1164 1165 1167
f 1166 1164 1167
f 1166 1167 1156
f 1157 1166 1156
f 1167 1165 1163
f 1163 1161 1159
f 1156 1163 1159
f 1163 1156 1167
f 1162 1164 1166
f 1158 1160 1162
f 1158 1162 1157
f 1166 1157 1162
f 1169 1168 1171
f 1170 1169 1171
f 1170 1171 1173
f 1172 1170 1173
f 1172 1173 1175
f 1174 1172 1175
f 1174 1175 1168
f 1169 1174 1168
f 1173 1171 1168
f 1175 1173 1168
f 1169 1170 1172
f 1169 1172 1174
f 1177 1176 1179
f 1178 1177 1179
f 1178 1179 1181
f 1180 1178 1181
f 1180 1181 1183
f 1182 1180 1183
f 1182 1183 1176
f 1177 1182 1176
f 1181 1179 1176
f 1183 1181 1176
f 1177 1178 1180
f 1177 1180 1182
f 1185 1184 1187
f 1186 1185 1187
f 1186 1187 1189
f 1188 1186 1189
f 1188 1189 1191
f 1190 1188 1191
f 1190 1191 1184
f 1185 1190 1184
f 1189 1187 1184
f 1191 1189 1184
f 1185 1186 1188
f 1185 1188 1190
f 1195 1192 1193
f 1195 1193 1194
f 1197 1195 1194
f 1197 1194 1196
f 1199 1197 1196
f 1199 1196 1198
f 1201 1199 1198
f 1201 1198 1200
f 1203 1201 1200
f 1203 1200 1202
f 1205 1203 1202
f 1205 1202 1204
f 1207 1205 1204
f 1207 1204 1206
f 1209 1207 1206
f 1209 1206 1208
f 1211 1209 1208
f 1211 1208 1210
f 1213 1211 1210
f 1213 1210 1212
f 1215 1214 1213
f 1212 1215 1213
f 1193 1192 1214
f 1215 1193 1214
f 1197 1214 1192
f 1214 1197 1199
f 1197 1192 1195
f 1214 1199 1205
f 1199 1201 1203
f 1205 1199 1203
f 1205 1207 1213
f 1214 1205 1213
f 1207 1209 1211
f 1213 1207 1211
f 1193 1215 1196
f 1198 1196 1215
f 1194 1193 1196
f 1204 1198 1215
f 1202 1200 1198
f 1202 1198 1204
f 1212 1206 1204
f 1212 1204 1215
f 1210 1208 1206
f 1210 1206 1212
f 1217 1216 1219
f 1218 1217 1219
f 1218 1219 1221
f 1220 1218 1221
f 1220 1221 1223
f 1222 1220 1223
f 1222 1223 1216
f 1217 1222 1216
f 1219 1216 1221
f 1216 1223 1221
f 1220 1217 1218
f 1220 1222 1217
f 1227 1224 1225
f 1227 1225 1226
f 1229 1227 1226
f 1229 1226 1228
f 1231 1230 1229
f 1228 1231 1229
f 1225 1224 1230
f 1231 1225 1230
f 1230 1224 1227
f 1229 1230 1227
f 1226 1225 1231
f 1226 1231 1228
f 1235 1232 1233
f 1235 1233 1234
f 1237 1235 1234
f 1237 1234 1236
f 1239 1238 1237
f 1236 1239 1237
f 1233 1232 1238
f 1239 1233 1238
f 1238 1232 1235
f 1237 1238 1235
f 1234 1233 1239
f 1234 1239 1236
f 1241 1240 1243
f 1242 1241 1243
f 1242 1243 1245
f 1244 1242 1245
f 1244 1245 1247
f 1246 1244 1247
f 1246 1247 1240
f 1241 1246 1240
f 1245 1243 1240
f 1247 1245 1240
f 1241 1242 1244
f 1241 1244 1246
f 1249 1248 1251
f 1250 1249 1251
f 1250 1251 1253
f 1252 1250 1253
f 1252 1253 1255
f 1254 1252 1255
f 1254 1255 1248
f 1249 1254 1248
f 1251 1248 1253
f 1248 1255 1253
f 1252 1249 1250
f 1252 1254 1249
f 1257 1256 1259
f 1258 1257 1259
f 1258 1259 1261
f 1260 1258 1261
f 1260 1261 1263
f 1262 1260 1263
f 1262 1263 1256
f 1257 1262 1256
f 1259 1256 1263
f 1261 1259 1263
f 1262 1257 1258
f 1262 1258 1260
f 1265 1264 1267
f 1266 1265 1267
f 1266 1267 1269
f 1268 1266 1269
f 1268 1269 1271
f 1270 1268 1271
f 1270 1271 1264
f 1265 1270 1264
f 1267 1264 1269
f 1264 1271 1269
f 1268 1265 1266
f 1268 1270 1265
f 1273 1272 1275
f 1274 1273 1275
f 1277 1272 1273
f 1277 1273 1276
f 1279 1277 1276
f 1279 1276 1278
f 1281 1279 1278
f 1281 1278 1280
f 1283 1281 1280
f 1283 1280 1282
f 1285 1284 1283
f 1282 1285 1283
f 1287 1286 1284
f 1285 1287 1284
f 1289 1288 1286
f 1287 1289 1286
f 1291 1290 1288
f 1289 1291 1288
f 1293 1292 1290
f 1291 1293 1290
f 1295 1294 1292
f 1293 1295 1292
f 1274 1275 1294
f 1295 1274 1294
f 1283 1286 1281
f 1288 1281 1286
f 1284 1286 1283
f 1279 1281 1288
f 1279 1288 1294
f 1275 1279 1294
f 1292 1288 1290
f 1292 1294 1288
f 1277 1275 1272
f 1277 1279 1275
f 1280 1287 1282
f 1287 1280 1289
f 1282 1287 1285
f 1289 1280 1278
f 1295 1289 1278
f 1295 1278 1274
f 1291 1289 1293
f 1289 1295 1293
f 1273 1274 1276
f 1274 1278 1276
f 1297 1296 1299
f 1298 1297 1299
f 1298 1299 1301
f 1300 1298 1301
f 1300 1301 1303
f 1302 1300 1303
f 1302 1303 1296
f 1297 1302 1296
f 1299 1296 1303
f 1301 1299 1303
f 1302 1297 1298
f 1302 1298 1300
f 1305 1304 1307
f 1306 1305 1307
f 1306 1307 1309
f 1308 1306 1309
f 1308 1309 1311
f 1310 1308 1311
f 1310 1311 1304
f 1305 1310 1304
f 1309 1307 1304
f 1311 1309 1304
f 1305 1306 1308
f 1305 1308 1310
f 1313 1312 1315
f 1314 1313 1315
f 1314 1315 1317
f 1316 1314 1317
f 1316 1317 1319
f 1318 1316 1319
f 1318 1319 1312
f 1313 1318 1312
f 1317 1315 1312
f 1319 1317 1312
f 1313 1314 1316
f 1313 1316 1318
f 1321 1320 1323
f 1322 1321 1323
f 1322 1323 1325
f 1324 1322 1325
f 1324 1325 1327
f 1326 1324 1327
f 1326 1327 1320
f 1321 1326 1320
f 1325 1323 1320
f 1327 1325 1320
f 1321 1322 1324
f 1321 1324 1326
f 1331 1328 1329
f 1331 1329 1330
f 1333 1331 1330
f 1333 1330 1332
f 1335 1333 1332
f 1335 1332 1334
f 1337 1335 1334
f 1337 1334 1336
f 1339 1337 1336
f 1339 1336 1338
f 1341 1339 1338
f 1341 1338 1340
f 1343 1342 1341
f 1340 1343 1341
f 1329 1328 1342
f 1343 1329 1342
f 1342 1333 1341
f 1341 1333 1335
f 1333 1342 1328
f 1333 1328 1331
f 1335 1337 1339
f 1341 1335 1339
f 1340 1332 1343
f 1334 1332 1340
f 1329 1343 1332
f 1330 1329 1332
f 1338 1336 1334
f 1338 1334 1340
f 1345 1344 1347
f 1346 1345 1347
f 1346 1347 1349
f 1348 1346 1349
f 1348 1349 1351
f 1350 1348 1351
f 1350 1351 1344
f 1345 1350 1344
f 1349 1347 1344
f 1351 1349 1344
f 1345 1346 1348
f 1345 1348 1350
f 1353 1352 1355
f 1354 1353 1355
f 1354 1355 1357
f 1356 1354 1357
f 1356 1357 1359
f 1358 1356 1359
f 1358 1359 1352
f 1353 1358 1352
f 1357 1355 1352
f 1359 1357 1352
f 1353 1354 1356
f 1353 1356 1358
f 1361 1360 1363
f 1362 1361 1363
f 1362 1363 1365
f 1364 1362 1365
f 1364 1365 1367
f 1366 1364 1367
f 1366 1367 1360
f 1361 1366 1360
f 1365 1363 1360
f 1367 1365 1360
f 1361 1362 1364
f 1361 1364 1366
f 1371 1368 1369
f 1371 1369 1370
f 1373 1372 1371
f 1370 1373 1371
f 1375 1374 1372
f 1373 1375 1372
f 1369 1368 1374
f 1375 1369 1374
f 1374 1368 1371
f 1372 1374 1371
f 1370 1369 1375
f 1370 1375 1373
f 1379 1376 1377
f 1379 1377 1378
f 1381 1379 1378
f 1381 1378 1380
f 1383 1382 1381
f 1380 1383 1381
f 1376 1382 1383
f 1376 1383 1377
f 1382 1376 1379
f 1381 1382 1379
f 1378 1377 1383
f 1378 1383 1380
f 1385 1384 1387
f 1386 1385 1387
f 1386 1387 1389
f 1388 1386 1389
f 1388 1389 1391
f 1390 1388 1391
f 1390 1391 1384
f 1385 1390 1384
f 1389 1387 1384
f 1391 1389 1384
f 1385 1386 1388
f 1385 1388 1390
f 1393 1392 1395
f 1394 1393 1395
f 1399 1396 1397
f 1399 1397 1398
f 1396 1392 1393
f 1396 1393 1397
f 1394 1395 1399
f 1398 1394 1399
f 1401 1400 1403
f 1402 1401 1403
f 1402 1403 1405
f 1404 1402 1405
f 1404 1405 1407
f 1406 1404 1407
f 1406 1407 1400
f 1401 1406 1400
f 1392 1400 1395
f 1407 1395 1400
f 1403 1400 1392
f 1405 1403 1392
f 1399 1395 1407
f 1396 1407 1405
f 1396 1399 1407
f 1396 1405 1392
f 1394 1401 1393
f 1401 1394 1406
f 1393 1401 1402
f 1393 1402 1404
f 1406 1394 1398
f 1404 1406 1397
f 1406 1398 1397
f 1393 1404 1397
f 1411 1408 1409
f 1411 1409 1410
f 1413 1411 1410
f 1413 1410 1412
f 1415 1413 1412
f 1415 1412 1414
f 1417 1415 1414
f 1417 1414 1416
f 1419 1417 1416
f 1419 1416 1418
f 1421 1419 1418
f 1421 1418 1420
f 1423 1422 1421
f 1420 1423 1421
f 1409 1408 1422
f 1423 1409 1422
f 1422 1413 1415
f 1413 1422 1408
f 1413 1408 1411
f 1422 1415 1421
f 1415 1417 1419
f 1421 1415 1419
f 1414 1412 1423
f 1409 1423 1412
f 1410 1409 1412
f 1420 1414 1423
f 1418 1416 1414
f 1418 1414 1420
f 1425 1424 1427
f 1426 1425 1427
f 1426 1427 1429
f 1428 1426 1429
f 1428 1429 1431
f 1430 1428 1431
f 1430 1431 1424
f 1425 1430 1424
f 1429 1427 1424
f 1431 1429 1424
f 1425 1426 1428
f 1425 1428 1430
f 1433 1432 1435
f 1434 1433 1435
f 1434 1435 1437
f 1436 1434 1437
f 1436 1437 1439
f 1438 1436 1439
f 1438 1439 1432
f 1433 1438 1432
f 1437 1435 1432
f 1439 1437 1432
f 1433 1434 1436
f 1433 1436 1438
f 1441 1440 1443
f 1442 1441 1443
f 1442 1443 1445
f 1444 1442 1445
f 1444 1445 1447
f 1446 1444 1447
f 1446 1447 1440
f 1441 1446 1440
f 1445 1443 1440
f 1447 1445 1440
f 1441 1442 1444
f 1441 1444 1446
f 1449 1448 1451
f 1450 1449 1451
f 1450 1451 1453
f 1452 1450 1453
f 1452 1453 1455
f 1454 1452 1455
f 1454 1455 1457
f 1456 1454 1457
f 1456 1457 1459
f 1458 1456 1459
f 1458 1459 1461
f 1460 1458 1461
f 1460 1461 1463
f 1462 1460 1463
f 1462 1463 1465
f 1464 1462 1465
f 1464 1465 1467
f 1466 1464 1467
f 1466 1467 1448
f 1449 1466 1448
f 1467 1465 1463
f 1467 1463 1461
f 1459 1457 1453
f 1461 1459 1453
f 1467 1461 1453
f 1453 1457 1455
f 1467 1453 1448
f 1448 1453 1451
f 1462 1464 1466
f 1460 1462 1466
f 1452 1456 1458
f 1452 1458 1460
f 1452 1460 1466
f 1454 1456 1452
f 1449 1452 1466
f 1450 1452 1449
f 1469 1468 1471
f 1470 1469 1471
f 1470 1471 1473
f 1472 1470 1473
f 1472 1473 1475
f 1474 1472 1475
f 1474 1475 1468
f 1469 1474 1468
f 1473 1471 1468
f 1475 1473 1468
f 1469 1470 1472
f 1469 1472 1474
f 1479 1476 1477
f 1479 1477 1478
f 1481 1480 1479
f 1478 1481 1479
f 1483 1482 1480
f 1481 1483 1480
f 1477 1476 1482
f 1483 1477 1482
f 1482 1476 1479
f 1480 1482 1479
f 1478 1477 1483
f 1478 1483 1481
f 1487 1484 1485
f 1487 1485 1486
f 1489 1487 1486
f 1489 1486 1488
f 1491 1490 1489
f 1488 1491 1489
f 1484 1490 1491
f 1484 1491 1485
f 1490 1484 1487
f 1489 1490 1487
f 1486 1485 1491
f 1486 1491 1488
f 1493 1492 1495
f 1494 1493 1495
f 1494 1495 1497
f 1496 1494 1497
f 1496 1497 1499
f 1498 1496 1499
f 1498 1499 1492
f 1493 1498 1492
f 1497 1495 1492
f 1499 1497 1492
f 1493 1494 1496
f 1493 1496 1498
f 1501 1500 1503
f 1502 1501 1503
f 1502 1503 1505
f 1504 1502 1505
f 1504 1505 1507
f 1506 1504 1507
f 1506 1507 1500
f 1501 1506 1500
f 1505 1503 1500
f 1507 1505 1500
f 1501 1502 1504
f 1501 1504 1506
f 1509 1508 1511
f 1510 1509 1511
f 1510 1511 1513
f 1512 1510 1513
f 1512 1513 1515
f 1514 1512 1515
f 1514 1515 1508
f 1509 1514 1508
f 1513 1511 1508
f 1515 1513 1508
f 1509 1510 1512
f 1509 1512 1514
f 1517 1516 1519
f 1518 1517 1519
f 1518 1519 1521
f 1520 1518 1521
f 1520 1521 1523
f 1522 1520 1523
f 1522 1523 1516
f 1517 1522 1516
f 1521 1519 1516
f 1523 1521 1516
f 1517 1518 1520
f 1517 1520 1522
f 1527 1524 1525
f 1527 1525 1526
f 1529 1528 1527
f 1526 1529 1527
f 1531 1530 1528
f 1529 1531 1528
f 1525 1524 1530
f 1531 1525 1530
f 1530 1524 1527
f 1528 1530 1527
f 1526 1525 1531
f 1526 1531 1529
f 1535 1532 1533
f 1535 1533 1534
f 1537 1535 1534
f 1537 1534 1536
f 1539 1538 1537
f 1536 1539 1537
f 1532 1538 1539
f 1532 1539 1533
f 1538 1532 1535
f 1537 1538 1535
f 1534 1533 1539
f 1534 1539 1536
f 1541 1540 1543
f 1542 1541 1543
f 1542 1543 1545
f 1544 1542 1545
f 1544 1545 1547
f 1546 1544 1547
f 1546 1547 1540
f 1541 1546 1540
f 1547 1545 1543
f 1540 1547 1543
f 1542 1544 1546
f 1542 1546 1541
f 1549 1548 1551
f 1550 1549 1551
f 1550 1551 1553
f 1552 1550 1553
f 1552 1553 1555
f 1554 1552 1555
f 1554 1555 1548
f 1549 1554 1548
f 1553 1551 1548
f 1555 1553 1548
f 1549 1550 1552
f 1549 1552 1554
f 1559 1556 1557
f 1559 1557 1558
f 1561 1560 1559
f 1558 1561 1559
f 1563 1562 1560
f 1561 1563 1560
f 1557 1556 1562
f 1563 1557 1562
f 1562 1556 1559
f 1560 1562 1559
f 1558 1557 1563
f 1558 1563 1561
f 1567 1564 1565
f 1567 1565 1566
f 1569 1567 1566
f 1569 1566 1568
f 1571 1570 1569
f 1568 1571 1569
f 1564 1570 1571
f 1564 1571 1565
f 1570 1564 1567
f 1569 1570 1567
f 1566 1565 1571
f 1566 1571 1568
f 1573 1572 1575
f 1574 1573 1575
f 1574 1575 1577
f 1576 1574 1577
f 1576 1577 1579
f 1578 1576 1579
f 1578 1579 1572
f 1573 1578 1572
f 1577 1575 1572
f 1579 1577 1572
f 1573 1574 1576
f 1573 1576 1578
f 1581 1580 1583
f 1582 1581 1583
f 1582 1583 1585
f 1584 1582 1585
f 1584 1585 1587
f 1586 1584 1587
f 1586 1587 1580
f 1581 1586 1580
f 1585 1583 1580
f 1587 1585 1580
f 1581 1582 1584
f 1581 1584 1586
f 1589 1588 1591
f 1590 1589 1591
f 1590 1591 1593
f 1592 1590 1593
f 1592 1593 1595
f 1594 1592 1595
f 1594 1595 1588
f 1589 1594 1588
f 1593 1591 1588
f 1595 1593 1588
f 1589 1590 1592
f 1589 1592 1594
f 1599 1596 1597
f 1599 1597 1598
f 1601 1599 1598
f 1601 1598 1600
f 1603 1602 1601
f 1600 1603 1601
f 1597 1596 1602
f 1603 1597 1602
f 1602 1596 1599
f 1601 1602 1599
f 1598 1597 1603
f 1598 1603 1600
f 1607 1604 1605
f 1607 1605 1606
f 1609 1607 1606
f 1609 1606 1608
f 1611 1610 1609
f 1608 1611 1609
f 1605 1604 1610
f 1611 1605 1610
f 1609 1610 1604
f 1609 1604 1607
f 1605 1611 1608
f 1606 1605 1608
f 1613 1612 1615
f 1614 1613 1615
f 1614 1615 1617
f 1616 1614 1617
f 1616 1617 1619
f 1618 1616 1619
f 1618 1619 1612
f 1613 1618 1612
f 1617 1615 1612
f 1619 1617 1612
f 1613 1614 1616
f 1613 1616 1618
f 1623 1620 1621
f 1623 1621 1622
f 1625 1624 1623
f 1622 1625 1623
f 1627 1626 1624
f 1625 1627 1624
f 1621 1620 1626
f 1627 1621 1626
f 1626 1620 1623
f 1624 1626 1623
f 1622 1621 1627
f 1622 1627 1625
f 1631 1628 1629
f 1631 1629 1630
f 1633 1631 1630
f 1633 1630 1632
f 1635 1634 1633
f 1632 1635 1633
f 1628 1634 1635
f 1628 1635 1629
f 1634 1628 1631
f 1633 1634 1631
f 1630 1629 1635
f 1630 1635 1632
f 1637 1636 1639
f 1638 1637 1639
f 1638 1639 1641
f 1640 1638 1641
f 1640 1641 1643
f 1642 1640 1643
f 1642 1643 1636
f 1637 1642 1636
f 1641 1639 1636
f 1643 1641 1636
f 1637 1638 1640
f 1637 1640 1642
f 1647 1644 1645
f 1647 1645 1646
f 1649 1648 1647
f 1646 1649 1647
f 1651 1650 1648
f 1649 1651 1648
f 1645 1644 1650
f 1651 1645 1650
f 1650 1644 1647
f 1648 1650 1647
f 1646 1645 1651
f 1646 1651 1649
f 1655 1652 1653
f 1655 1653 1654
f 1657 1655 1654
f 1657 1654 1656
f 1659 1658 1657
f 1656 1659 1657
f 1652 1658 1659
f 1652 1659 1653
f 1658 1652 1655
f 1657 1658 1655
f 1654 1653 1659
f 1654 1659 1656
f 1661 1660 1663
f 1662 1661 1663
f 1662 1663 1665
f 1664 1662 1665
f 1664 1665 1667
f 1666 1664 1667
f 1666 1667 1660
f 1661 1666 1660
f 1665 1663 1660
f 1667 1665 1660
f 1661 1662 1664
f 1661 1664 1666
f 1671 1668 1669
f 1671 1669 1670
f 1673 1671 1670
f 1673 1670 1672
f 1675 1674 1673
f 1672 1675 1673
f 1669 1668 1674
f 1675 1669 1674
f 1674 1668 1671
f 1673 1674 1671
f 1670 1669 1675
f 1670 1675 1672
f 1679 1676 1677
f 1679 1677 1678
f 1681 1679 1678
f 1681 1678 1680
f 1683 1682 1681
f 1680 1683 1681
f 1677 1676 1682
f 1683 1677 1682
f 1682 1676 1679
f 1681 1682 1679
f 1678 1677 1683
f 1678 1683 1680
f 1687 1684 1685
f 1687 1685 1686
f 1689 1687 1686
f 1689 1686 1688
f 1691 1690 1689
f 1688 1691 1689
f 1685 1684 1690
f 1691 1685 1690
f 1690 1684 1687
f 1689 1690 1687
f 1686 1685 1691
f 1686 1691 1688
f 1695 1692 1693
f 1695 1693 1694
f 1697 1695 1694
f 1697 1694 1696
f 1699 1698 1697
f 1696 1699 1697
f 1693 1692 1698
f 1699 1693 1698
f 1698 1692 1695
f 1697 1698 1695
f 1694 1693 1699
f 1694 1699 1696
f 1701 1700 1703
f 1702 1701 1703
f 1702 1703 1705
f 1704 1702 1705
f 1704 1705 1707
f 1706 1704 1707
f 1706 1707 1700
f 1701 1706 1700
f 1705 1703 1700
f 1707 1705 1700
f 1701 1702 1704
f 1701 1704 1706
f 1711 1708 1709
f 1711 1709 1710
f 1713 1712 1711
f 1710 1713 1711
f 1715 1714 1712
f 1713 1715 1712
f 1709 1708 1714
f 1715 1709 1714
f 1714 1708 1711
f 1712 1714 1711
f 1710 1709 1715
f 1710 1715 1713
f 1719 1716 1717
f 1719 1717 1718
f 1721 1719 1718
f 1721 1718 1720
f 1723 1722 1721
f 1720 1723 1721
f 1716 1722 1723
f 1716 1723 1717
f 1722 1716 1719
f 1721 1722 1719
f 1718 1717 1723
f 1718 1723 1720
f 1725 1724 1727
f 1726 1725 1727
f 1726 1727 1729
f 1728 1726 1729
f 1728 1729 1731
f 1730 1728 1731
f 1730 1731 1724
f 1725 1730 1724
f 1729 1727 1724
f 1731 1729 1724
f 1725 1726 1728
f 1725 1728 1730
f 1735 1732 1733
f 1735 1733 1734
f 1737 1735 1734
f 1737 1734 1736
f 1739 1738 1737
f 1736 1739 1737
f 1733 1732 1738
f 1739 1733 1738
f 1738 1732 1735
f 1737 1738 1735
f 1734 1733 1739
f 1734 1739 1736
f 1743 1740 1741
f 1743 1741 1742
f 1745 1743 1742
f 1745 1742 1744
f 1747 1746 1745
f 1744 1747 1745
f 1741 1740 1746
f 1747 1741 1746
f 1746 1740 1743
f 1745 1746 1743
f 1742 1741 1747
f 1742 1747 1744
f 1749 1748 1751
f 1750 1749 1751
f 1750 1751 1753
f 1752 1750 1753
f 1752 1753 1755
f 1754 1752 1755
f 1754 1755 1748
f 1749 1754 1748
f 1753 1751 1748
f 1755 1753 1748
f 1749 1750 1752
f 1749 1752 1754
f 1759 1756 1757
f 1759 1757 1758
f 1761 1760 1759
f 1758 1761 1759
f 1763 1762 1760
f 1761 1763 1760
f 1757 1756 1762
f 1763 1757 1762
f 1762 1756 1759
f 1760 1762 1759
f 1758 1757 1763
f 1758 1763 1761
f 1767 1764 1765
f 1767 1765 1766
f 1769 1767 1766
f 1769 1766 1768
f 1771 1770 1769
f 1768 1771 1769
f 1764 1770 1771
f 1764 1771 1765
f 1770 1764 1767
f 1769 1770 1767
f 1766 1765 1771
f 1766 1771 1768
f 1773 1772 1775
f 1774 1773 1775
f 1774 1775 1777
f 1776 1774 1777
f 1776 1777 1779
f 1778 1776 1779
f 1778 1779 1772
f 1773 1778 1772
f 1777 1775 1772
f 1779 1777 1772
f 1773 1774 1776
f 1773 1776 1778
f 1781 1780 1783
f 1782 1781 1783
f 1782 1783 1785
f 1784 1782 1785
f 1784 1785 1787
f 1786 1784 1787
f 1786 1787 1780
f 1781 1786 1780
f 1785 1783 1780
f 1787 1785 1780
f 1781 1782 1784
f 1781 1784 1786
f 1791 1788 1789
f 1791 1789 1790
f 1793 1792 1791
f 1790 1793 1791
f 1795 1794 1792
f 1793 1795 1792
f 1789 1788 1794
f 1795 1789 1794
f 1794 1788 1791
f 1792 1794 1791
f 1790 1789 1795
f 1790 1795 1793
f 1799 1796 1797
f 1799 1797 1798
f 1801 1799 1798
f 1801 1798 1800
f 1803 1802 1801
f 1800 1803 1801
f 1796 1802 1803
f 1796 1803 1797
f 1802 1796 1799
f 1801 1802 1799
f 1798 1797 1803
f 1798 1803 1800
f 1805 1804 1807
f 1806 1805 1807
f 1806 1807 1809
f 1808 1806 1809
f 1808 1809 1811
f 1810 1808 1811
f 1810 1811 1804
f 1805 1810 1804
f 1809 1807 1804
f 1811 1809 1804
f 1805 1806 1808
f 1805 1808 1810
f 1815 1812 1813
f 1815 1813 1814
f 1817 1815 1814
f 1817 1814 1816
f 1819 1818 1817
f 1816 1819 1817
f 1813 1812 1818
f 1819 1813 1818
f 1818 1812 1815
f 1817 1818 1815
f 1814 1813 1819
f 1814 1819 1816
f 1823 1820 1821
f 1823 1821 1822
f 1825 1823 1822
f 1825 1822 1824
f 1827 1826 1825
f 1824 1827 1825
f 1821 1820 1826
f 1827 1821 1826
f 1826 1820 1823
f 1825 1826 1823
f 1822 1821 1827
f 1822 1827 1824
f 1829 1828 1831
f 1830 1829 1831
f 1830 1831 1833
f 1832 1830 1833
f 1832 1833 1835
f 1834 1832 1835
f 1834 1835 1828
f 1829 1834 1828
f 1835 1833 1831
f 1828 1835 1831
f 1830 1832 1834
f 1830 1834 1829
f 1837 1836 1839
f 1838 1837 1839
f 1838 1839 1841
f 1840 1838 1841
f 1840 1841 1843
f 1842 1840 1843
f 1842 1843 1836
f 1837 1842 1836
f 1841 1839 1836
f 1843 1841 1836
f 1837 1838 1840
f 1837 1840 1842
f 1847 1844 1845
f 1847 1845 1846
f 1849 1848 1847
f 1846 1849 1847
f 1851 1850 1848
f 1849 1851 1848
f 1845 1844 1850
f 1851 1845 1850
f 1850 1844 1847
f 1848 1850 1847
f 1846 1845 1851
f 1846 1851 1849
f 1855 1852 1853
f 1855 1853 1854
f 1857 1855 1854
f 1857 1854 1856
f 1859 1858 1857
f 1856 1859 1857
f 1852 1858 1859
f 1852 1859 1853
f 1858 1852 1855
f 1857 1858 1855
f 1854 1853 1859
f 1854 1859 1856
f 1861 1860 1863
f 1862 1861 1863
f 1862 1863 1865
f 1864 1862 1865
f 1864 1865 1867
f 1866 1864 1867
f 1866 1867 1860
f 1861 1866 1860
f 1865 1863 1860
f 1867 1865 1860
f 1861 1862 1864
f 1861 1864 1866
f 1869 1868 1871
f 1870 1869 1871
f 1870 1871 1873
f 1872 1870 1873
f 1872 1873 1875
f 1874 1872 1875
f 1874 1875 1868
f 1869 1874 1868
f 1871 1868 1875
f 1873 1871 1875
f 1874 1869 1870
f 1874 1870 1872
f 1877 1876 1879
f 1878 1877 1879
f 1878 1879 1881
f 1880 1878 1881
f 1880 1881 1883
f 1882 1880 1883
f 1882 1883 1876
f 1877 1882 1876
f 1883 1881 1879
f 1876 1883 1879
f 1878 1880 1882
f 1878 1882 1877
f 1885 1884 1887
f 1886 1885 1887
f 1886 1887 1889
f 1888 1886 1889
f 1888 1889 1891
f 1890 1888 1891
f 1890 1891 1884
f 1885 1890 1884
f 1889 1887 1884
f 1891 1889 1884
f 1885 1886 1888
f 1885 1888 1890
f 1893 1892 1895
f 1894 1893 1895
f 1894 1895 1897
f 1896 1894 1897
f 1896 1897 1899
f 1898 1896 1899
f 1898 1899 1892
f 1893 1898 1892
f 1895 1892 1899
f 1897 1895 1899
f 1898 1893 1894
f 1898 1894 1896
f 1901 1900 1903
f 1902 1901 1903
f 1902 1903 1905
f 1904 1902 1905
f 1904 1905 1907
f 1906 1904 1907
f 1906 1907 1900
f 1901 1906 1900
f 1907 1905 1903
f 1900 1907 1903
f 1902 1904 1906
f 1902 1906 1901
f 1909 1908 1911
f 1910 1909 1911
f 1910 1911 1913
f 1912 1910 1913
f 1912 1913 1915
f 1914 1912 1915
f 1914 1915 1908
f 1909 1914 1908
f 1911 1908 1915
f 1913 1911 1915
f 1914 1909 1910
f 1914 1910 1912
f 1917 1916 1919
f 1918 1917 1919
f 1918 1919 1921
f 1920 1918 1921
f 1920 1921 1923
f 1922 1920 1923
f 1922 1923 1916
f 1917 1922 1916
f 1921 1919 1916
f 1923 1921 1916
f 1917 1918 1920
f 1917 1920 1922
f 1925 1924 1927
f 1926 1925 1927
f 1926 1927 1929
f 1928 1926 1929
f 1928 1929 1931
f 1930 1928 1931
f 1930 1931 1924
f 1925 1930 1924
f 1929 1927 1924
f 1931 1929 1924
f 1925 1926 1928
f 1925 1928 1930
f 1933 1932 1935
f 1934 1933 1935
f 1934 1935 1937
f 1936 1934 1937
f 1936 1937 1939
f 1938 1936 1939
f 1938 1939 1932
f 1933 1938 1932
f 1937 1935 1932
f 1939 1937 1932
f 1933 1934 1936
f 1933 1936 1938
f 1941 1940 1943
f 1942 1941 1943
f 1942 1943 1945
f 1944 1942 1945
f 1944 1945 1947
f 1946 1944 1947
f 1946 1947 1940
f 1941 1946 1940
f 1945 1943 1940
f 1947 1945 1940
f 1941 1942 1944
f 1941 1944 1946
f 1949 1948 1951
f 1950 1949 1951
f 1950 1951 1953
f 1952 1950 1953
f 1952 1953 1955
f 1954 1952 1955
f 1954 1955 1948
f 1949 1954 1948
f 1951 1948 1955
f 1953 1951 1955
f 1954 1949 1950
f 1954 1950 1952
f 1957 1956 1959
f 1958 1957 1959
f 1958 1959 1961
f 1960 1958 1961
f 1960 1961 1963
f 1962 1960 1963
f 1962 1963 1956
f 1957 1962 1956
f 1959 1956 1963
f 1961 1959 1963
f 1962 1957 1958
f 1962 1958 1960
f 1965 1964 1967
f 1966 1965 1967
f 1971 1968 1969
f 1971 1969 1970
f 1968 1964 1965
f 1968 1965 1969
f 1966 1967 1971
f 1970 1966 1971
f 1975 1972 1973
f 1975 1973 1974
f 1977 1975 1974
f 1977 1974 1976
f 1979 1977 1976
f 1979 1976 1978
f 1972 1979 1978
f 1972 1978 1973
f 1964 1972 1975
f 1964 1975 1967
f 1971 1967 1975
f 1977 1971 1975
f 1968 1979 1972
f 1968 1972 1964
f 1968 1971 1977
f 1968 1977 1979
f 1974 1973 1965
f 1966 1974 1965
f 1974 1966 1970
f 1974 1970 1976
f 1973 1978 1969
f 1965 1973 1969
f 1976 1970 1969
f 1978 1976 1969
f 1983 1980 1981
f 1983 1981 1982
f 1985 1983 1982
f 1985 1982 1984
f 1987 1985 1984
f 1987 1984 1986
f 1989 1987 1986
f 1989 1986 1988
f 1991 1989 1988
f 1991 1988 1990
f 1993 1991 1990
f 1993 1990 1992
f 1995 1993 1992
f 1995 1992 1994
f 1981 1980 1995
f 1994 1981 1995
f 1995 1983 1993
f 1980 1983 1995
f 1991 1993 1983
f 1985 1991 1983
f 1989 1985 1987
f 1989 1991 1985
f 1992 1982 1994
f 1994 1982 1981
f 1982 1992 1990
f 1982 1990 1984
f 1986 1984 1988
f 1984 1990 1988
f 1999 1996 1997
f 1999 1997 1998
f 2001 2000 1999
f 1998 2001 1999
f 2003 2002 2000
f 2001 2003 2000
f 1997 1996 2002
f 2003 1997 2002
f 2002 1996 1999
f 2000 2002 1999
f 1998 1997 2003
f 1998 2003 2001
f 2007 2004 2005
f 2007 2005 2006
f 2009 2007 2006
f 2009 2006 2008
f 2011 2010 2009
f 2008 2011 2009
f 2004 2010 2011
f 2004 2011 2005
f 2010 2004 2007
f 2009 2010 2007
f 2006 2005 2011
f 2006 2011 2008
f 2013 2012 2015
f 2014 2013 2015
f 2014 2015 2017
f 2016 2014 2017
f 2016 2017 2019
f 2018 2016 2019
f 2018 2019 2012
f 2013 2018 2012
f 2017 2015 2012
f 2019 2017 2012
f 2013 2014 2016
f 2013 2016 2018
f 2023 2020 2021
f 2023 2021 2022
f 2025 2023 2022
f 2025 2022 2024
f 2027 2025 2024
f 2027 2024 2026
f 2029 2027 2026
f 2029 2026 2028
f 2031 2029 2028
f 2031 2028 2030
f 2033 2031 2030
f 2033 2030 2032
f 2035 2033 2032
f 2035 2032 2034
f 2037 2035 2034
f 2037 2034 2036
f 2039 2037 2036
f 2039 2036 2038
f 2041 2039 2038
f 2041 2038 2040
f 2043 2041 2040
f 2043 2040 2042
f 2045 2043 2042
f 2045 2042 2044
f 2047 2045 2044
f 2047 2044 2046
f 2049 2047 2046
f 2049 2046 2048
f 2051 2049 2048
f 2051 2048 2050
f 2053 2051 2050
f 2053 2050 2052
f 2055 2053 2052
f 2055 2052 2054
f 2057 2055 2054
f 2057 2054 2056
f 2059 2058 2056
f 2056 2058 2057
f 2021 2020 2058
f 2059 2021 2058
f 2058 2025 2027
f 2025 2058 2020
f 2025 2020 2023
f 2058 2027 2033
f 2058 2033 2035
f 2027 2029 2031
f 2033 2027 2031
f 2058 2035 2041
f 2035 2037 2039
f 2041 2035 2039
f 2041 2043 2057
f 2058 2041 2057
f 2043 2049 2057
f 2057 2049 2051
f 2043 2045 2047
f 2049 2043 2047
f 2051 2053 2055
f 2057 2051 2055
f 2026 2024 2059
f 2021 2059 2024
f 2022 2021 2024
f 2032 2026 2059
f 2034 2032 2059
f 2030 2028 2026
f 2030 2026 2032
f 2040 2034 2059
f 2038 2036 2034
f 2038 2034 2040
f 2056 2042 2040
f 2056 2040 2059
f 2056 2048 2042
f 2050 2048 2056
f 2046 2044 2042
f 2046 2042 2048
f 2054 2052 2050
f 2054 2050 2056
f 2061 2060 2063
f 2062 2061 2063
f 2062 2063 2065
f 2064 2062 2065
f 2064 2065 2067
f 2066 2064 2067
f 2066 2067 2060
f 2061 2066 2060
f 2065 2063 2060
f 2067 2065 2060
f 2061 2062 2064
f 2061 2064 2066
f 2069 2068 2070
f 2070 2068 2071
f 2070 2071 2073
f 2072 2070 2073
f 2072 2073 2074
f 2074 2073 2075
f 2074 2075 2068
f 2069 2074 2068
f 2073 2071 2075
f 2075 2071 2068
f 2074 2070 2072
f 2069 2070 2074
f 2079 2076 2077
f 2079 2077 2078
f 2081 2079 2078
f 2081 2078 2080
f 2083 2081 2080
f 2083 2080 2082
f 2085 2083 2082
f 2085 2082 2084
f 2087 2085 2084
f 2087 2084 2086
f 2089 2087 2086
f 2089 2086 2088
f 2091 2090 2089
f 2088 2091 2089
f 2077 2076 2090
f 2091 2077 2090
f 2081 2090 2076
f 2090 2081 2083
f 2081 2076 2079
f 2090 2083 2089
f 2083 2085 2087
f 2089 2083 2087
f 2077 2091 2080
f 2082 2080 2091
f 2078 2077 2080
f 2088 2082 2091
f 2086 2084 2082
f 2086 2082 2088
f 2093 2092 2095
f 2094 2093 2095
f 2094 2095 2097
f 2096 2094 2097
f 2096 2097 2099
f 2098 2096 2099
f 2098 2099 2092
f 2093 2098 2092
f 2097 2095 2092
f 2099 2097 2092
f 2093 2094 2096
f 2093 2096 2098
f 2101 2100 2103
f 2102 2101 2103
f 2102 2103 2105
f 2104 2102 2105
f 2104 2105 2107
f 2106 2104 2107
f 2106 2107 2100
f 2101 2106 2100
f 2105 2103 2100
f 2107 2105 2100
f 2101 2102 2104
f 2101 2104 2106
f 2111 2108 2109
f 2111 2109 2110
f 2113 2111 2110
f 2113 2110 2112
f 2115 2113 2112
f 2115 2112 2114
f 2117 2115 2114
f 2117 2114 2116
f 2119 2117 2116
f 2119 2116 2118
f 2121 2119 2118
f 2121 2118 2120
f 2123 2121 2120
f 2123 2120 2122
f 2125 2123 2122
f 2125 2122 2124
f 2127 2125 2124
f 2127 2124 2126
f 2129 2127 2126
f 2129 2126 2128
f 2131 2129 2128
f 2131 2128 2130
f 2133 2131 2130
f 2133 2130 2132
f 2135 2133 2132
f 2135 2132 2134
f 2137 2136 2135
f 2134 2137 2135
f 2139 2138 2136
f 2137 2139 2136
f 2141 2140 2138
f 2139 2141 2138
f 2143 2140 2141
f 2143 2141 2142
f 2145 2143 2142
f 2145 2142 2144
f 2147 2146 2145
f 2144 2147 2145
f 2109 2108 2146
f 2147 2109 2146
f 2146 2113 2115
f 2113 2146 2108
f 2113 2108 2111
f 2146 2115 2121
f 2146 2121 2123
f 2115 2117 2119
f 2121 2115 2119
f 2123 2125 2127
f 2129 2123 2127
f 2129 2131 2145
f 2146 2123 2145
f 2123 2129 2145
f 2145 2131 2136
f 2136 2131 2133
f 2145 2136 2138
f 2136 2133 2135
f 2138 2140 2143
f 2145 2138 2143
f 2114 2112 2147
f 2109 2147 2112
f 2110 2109 2112
f 2120 2114 2147
f 2122 2120 2147
f 2118 2116 2114
f 2118 2114 2120
f 2126 2124 2122
f 2126 2122 2128
f 2144 2130 2128
f 2144 2122 2147
f 2144 2128 2122
f 2137 2130 2144
f 2132 2130 2137
f 2139 2137 2144
f 2134 2132 2137
f 2142 2141 2139
f 2142 2139 2144
f 2149 2148 2151
f 2150 2149 2151
f 2150 2151 2153
f 2152 2150 2153
f 2152 2153 2155
f 2154 2152 2155
f 2154 2155 2148
f 2149 2154 2148
f 2153 2151 2148
f 2155 2153 2148
f 2149 2150 2152
f 2149 2152 2154
f 2157 2156 2159
f 2158 2157 2159
f 2158 2159 2161
f 2160 2158 2161
f 2160 2161 2163
f 2162 2160 2163
f 2162 2163 2156
f 2157 2162 2156
f 2161 2159 2156
f 2163 2161 2156
f 2157 2158 2160
f 2157 2160 2162
f 2165 2164 2167
f 2166 2165 2167
f 2166 2167 2169
f 2168 2166 2169
f 2168 2169 2171
f 2170 2168 2171
f 2170 2171 2164
f 2165 2170 2164
f 2169 2167 2164
f 2171 2169 2164
f 2165 2166 2168
f 2165 2168 2170
f 2173 2172 2175
f 2174 2173 2175
f 2174 2175 2177
f 2176 2174 2177
f 2176 2177 2179
f 2178 2176 2179
f 2178 2179 2172
f 2173 2178 2172
f 2177 2175 2172
f 2179 2177 2172
f 2173 2174 2176
f 2173 2176 2178
f 2181 2180 2183
f 2182 2181 2183
f 2182 2183 2185
f 2184 2182 2185
f 2184 2185 2187
f 2186 2184 2187
f 2186 2187 2180
f 2181 2186 2180
f 2185 2183 2180
f 2187 2185 2180
f 2181 2182 2184
f 2181 2184 2186
f 2189 2188 2191
f 2190 2189 2191
f 2190 2191 2193
f 2192 2190 2193
f 2192 2193 2195
f 2194 2192 2195
f 2194 2195 2188
f 2189 2194 2188
f 2193 2191 2188
f 2195 2193 2188
f 2189 2190 2192
f 2189 2192 2194
f 2199 2196 2197
f 2199 2197 2198
f 2201 2199 2198
f 2201 2198 2200
f 2203 2201 2200
f 2203 2200 2202
f 2205 2203 2202
f 2205 2202 2204
f 2207 2205 2204
f 2207 2204 2206
f 2209 2207 2206
f 2209 2206 2208
f 2211 2210 2209
f 2208 2211 2209
f 2197 2196 2210
f 2211 2197 2210
f 2209 2210 2203
f 2210 2201 2203
f 2201 2210 2196
f 2201 2196 2199
f 2203 2205 2207
f 2209 2203 2207
f 2202 2211 2208
f 2202 2200 2211
f 2197 2211 2200
f 2198 2197 2200
f 2206 2204 2202
f 2206 2202 2208
f 2213 2212 2215
f 2214 2213 2215
f 2219 2216 2217
f 2219 2217 2218
f 2216 2212 2213
f 2216 2213 2217
f 2214 2215 2219
f 2218 2214 2219
f 2221 2220 2223
f 2222 2221 2223
f 2222 2223 2225
f 2224 2222 2225
f 2224 2225 2227
f 2226 2224 2227
f 2226 2227 2220
f 2221 2226 2220
f 2220 2215 2212
f 2219 2215 2220
f 2227 2219 2220
f 2223 2220 2212
f 2216 2227 2225
f 2216 2225 2223
f 2216 2219 2227
f 2216 2223 2212
f 2213 2214 2221
f 2221 2214 2218
f 2221 2218 2226
f 2213 2221 2222
f 2224 2226 2217
f 2222 2224 2217
f 2226 2218 2217
f 2213 2222 2217
f 2231 2228 2229
f 2231 2229 2230
f 2233 2232 2231
f 2230 2233 2231
f 2235 2234 2232
f 2233 2235 2232
f 2237 2236 2234
f 2235 2237 2234
f 2239 2236 2237
f 2239 2237 2238
f 2241 2239 2238
f 2241 2238 2240
f 2243 2242 2241
f 2240 2243 2241
f 2229 2228 2242
f 2243 2229 2242
f 2242 2232 2234
f 2232 2242 2228
f 2232 2228 2231
f 2242 2234 2241
f 2234 2236 2239
f 2241 2234 2239
f 2235 2233 2243
f 2229 2243 2233
f 2230 2229 2233
f 2240 2235 2243
f 2238 2237 2235
f 2238 2235 2240
f 2247 2244 2245
f 2247 2245 2246
f 2249 2247 2246
f 2249 2246 2248
f 2251 2249 2248
f 2251 2248 2250
f 2253 2251 2250
f 2253 2250 2252
f 2255 2253 2252
f 2255 2252 2254
f 2257 2255 2254
f 2257 2254 2256
f 2259 2258 2257
f 2256 2259 2257
f 2245 2244 2258
f 2259 2245 2258
f 2258 2244 2249
f 2258 2249 2257
f 2257 2249 2251
f 2249 2244 2247
f 2251 2253 2255
f 2257 2251 2255
f 2248 2245 2259
f 2256 2248 2259
f 2250 2248 2256
f 2246 2245 2248
f 2254 2252 2250
f 2254 2250 2256
f 2261 2260 2263
f 2262 2261 2263
f 2262 2263 2265
f 2264 2262 2265
f 2264 2265 2267
f 2266 2264 2267
f 2266 2267 2260
f 2261 2266 2260
f 2265 2263 2260
f 2267 2265 2260
f 2261 2262 2264
f 2261 2264 2266
f 2269 2268 2271
f 2270 2269 2271
f 2270 2271 2273
f 2272 2270 2273
f 2272 2273 2275
f 2274 2272 2275
f 2274 2275 2268
f 2269 2274 2268
f 2271 2268 2273
f 2268 2275 2273
f 2272 2269 2270
f 2272 2274 2269
f 2277 2276 2279
f 2278 2277 2279
f 2278 2279 2281
f 2280 2278 2281
f 2280 2281 2283
f 2282 2280 2283
f 2282 2283 2276
f 2277 2282 2276
f 2281 2279 2276
f 2283 2281 2276
f 2277 2278 2280
f 2277 2280 2282
f 2287 2284 2285
f 2287 2285 2286
f 2289 2288 2287
f 2286 2289 2287
f 2291 2290 2288
f 2289 2291 2288
f 2285 2284 2290
f 2291 2285 2290
f 2290 2284 2287
f 2288 2290 2287
f 2286 2285 2291
f 2286 2291 2289
f 2295 2292 2293
f 2295 2293 2294
f 2297 2295 2294
f 2297 2294 2296
f 2299 2298 2297
f 2296 2299 2297
f 2292 2298 2299
f 2292 2299 2293
f 2298 2292 2295
f 2297 2298 2295
f 2294 2293 2299
f 2294 2299 2296
f 2301 2300 2303
f 2302 2301 2303
f 2302 2303 2305
f 2304 2302 2305
f 2304 2305 2307
f 2306 2304 2307
f 2306 2307 2300
f 2301 2306 2300
f 2305 2303 2300
f 2307 2305 2300
f 2301 2302 2304
f 2301 2304 2306
f 2311 2308 2309
f 2311 2309 2310
f 2313 2311 2310
f 2313 2310 2312
f 2315 2314 2313
f 2312 2315 2313
f 2309 2308 2314
f 2315 2309 2314
f 2314 2308 2311
f 2313 2314 2311
f 2310 2309 2315
f 2310 2315 2312
f 2319 2316 2317
f 2319 2317 2318
f 2321 2319 2318
f 2321 2318 2320
f 2323 2322 2321
f 2320 2323 2321
f 2317 2316 2322
f 2323 2317 2322
f 2322 2316 2319
f 2321 2322 2319
f 2318 2317 2323
f 2318 2323 2320
f 2325 2324 2327
f 2326 2325 2327
f 2326 2327 2329
f 2328 2326 2329
f 2328 2329 2331
f 2330 2328 2331
f 2330 2331 2324
f 2325 2330 2324
f 2329 2327 2324
f 2331 2329 2324
f 2325 2326 2328
f 2325 2328 2330
f 2333 2332 2335
f 2334 2333 2335
f 2334 2335 2337
f 2336 2334 2337
f 2336 2337 2339
f 2338 2336 2339
f 2338 2339 2332
f 2333 2338 2332
f 2339 2337 2335
f 2332 2339 2335
f 2334 2336 2338
f 2334 2338 2333
f 2341 2340 2343
f 2342 2341 2343
f 2342 2343 2345
f 2344 2342 2345
f 2344 2345 2347
f 2346 2344 2347
f 2346 2347 2340
f 2341 2346 2340
f 2345 2343 2340
f 2347 2345 2340
f 2341 2342 2344
f 2341 2344 2346
f 2349 2348 2351
f 2350 2349 2351
f 2350 2351 2353
f 2352 2350 2353
f 2352 2353 2355
f 2354 2352 2355
f 2354 2355 2348
f 2349 2354 2348
f 2351 2348 2355
f 2353 2351 2355
f 2354 2349 2350
f 2354 2350 2352
f 2357 2356 2359
f 2358 2357 2359
f 2358 2359 2361
f 2360 2358 2361
f 2360 2361 2363
f 2362 2360 2363
f 2362 2363 2356
f 2357 2362 2356
f 2359 2356 2361
f 2356 2363 2361
f 2360 2357 2358
f 2360 2362 2357
f 2365 2364 2367
f 2366 2365 2367
f 2366 2367 2369
f 2368 2366 2369
f 2368 2369 2371
f 2370 2368 2371
f 2370 2371 2364
f 2365 2370 2364
f 2367 2364 2369
f 2364 2371 2369
f 2368 2365 2366
f 2368 2370 2365
f 2373 2372 2375
f 2374 2373 2375
f 2374 2375 2377
f 2376 2374 2377
f 2376 2377 2379
f 2378 2376 2379
f 2378 2379 2372
f 2373 2378 2372
f 2375 2372 2377
f 2372 2379 2377
f 2376 2373 2374
f 2376 2378 2373
f 2383 2380 2381
f 2383 2381 2382
f 2385 2383 2382
f 2385 2382 2384
f 2387 2386 2385
f 2384 2387 2385
f 2381 2380 2386
f 2387 2381 2386
f 2386 2380 2383
f 2385 2386 2383
f 2382 2381 2387
f 2382 2387 2384
f 2391 2388 2389
f 2391 2389 2390
f 2393 2391 2390
f 2393 2390 2392
f 2395 2394 2393
f 2392 2395 2393
f 2389 2388 2394
f 2395 2389 2394
f 2394 2388 2391
f 2393 2394 2391
f 2390 2389 2395
f 2390 2395 2392
f 2397 2396 2399
f 2398 2397 2399
f 2398 2399 2401
f 2400 2398 2401
f 2400 2401 2403
f 2402 2400 2403
f 2402 2403 2396
f 2397 2402 2396
f 2401 2399 2396
f 2403 2401 2396
f 2397 2398 2400
f 2397 2400 2402
f 2405 2404 2407
f 2406 2405 2407
f 2406 2407 2409
f 2408 2406 2409
f 2408 2409 2411
f 2410 2408 2411
f 2410 2411 2404
f 2405 2410 2404
f 2407 2404 2409
f 2404 2411 2409
f 2408 2405 2406
f 2408 2410 2405
f 2413 2412 2415
f 2414 2413 2415
f 2414 2415 2417
f 2416 2414 2417
f 2416 2417 2419
f 2418 2416 2419
f 2418 2419 2412
f 2413 2418 2412
f 2417 2415 2412
f 2419 2417 2412
f 2413 2414 2416
f 2413 2416 2418
f 2423 2420 2421
f 2423 2421 2422
f 2425 2424 2423
f 2422 2425 2423
f 2427 2426 2424
f 2425 2427 2424
f 2421 2420 2426
f 2427 2421 2426
f 2426 2420 2423
f 2424 2426 2423
f 2422 2421 2427
f 2422 2427 2425
f 2431 2428 2429
f 2431 2429 2430
f 2433 2431 2430
f 2433 2430 2432
f 2435 2434 2433
f 2432 2435 2433
f 2428 2434 2435
f 2428 2435 2429
f 2434 2428 2431
f 2433 2434 2431
f 2430 2429 2435
f 2430 2435 2432
f 2437 2436 2439
f 2438 2437 2439
f 2438 2439 2441
f 2440 2438 2441
f 2440 2441 2443
f 2442 2440 2443
f 2442 2443 2436
f 2437 2442 2436
f 2441 2439 2436
f 2443 2441 2436
f 2437 2438 2440
f 2437 2440 2442
f 2447 2444 2445
f 2447 2445 2446
f 2449 2447 2446
f 2449 2446 2448
f 2451 2450 2449
f 2448 2451 2449
f 2445 2444 2450
f 2451 2445 2450
f 2450 2444 2447
f 2449 2450 2447
f 2446 2445 2451
f 2446 2451 2448
f 2455 2452 2453
f 2455 2453 2454
f 2457 2455 2454
f 2457 2454 2456
f 2459 2458 2457
f 2456 2459 2457
f 2453 2452 2458
f 2459 2453 2458
f 2458 2452 2455
f 2457 2458 2455
f 2454 2453 2459
f 2454 2459 2456
f 2461 2460 2463
f 2462 2461 2463
f 2462 2463 2465
f 2464 2462 2465
f 2464 2465 2467
f 2466 2464 2467
f 2466 2467 2460
f 2461 2466 2460
f 2465 2463 2460
f 2467 2465 2460
f 2461 2462 2464
f 2461 2464 2466
f 2471 2468 2469
f 2471 2469 2470
f 2473 2472 2471
f 2470 2473 2471
f 2475 2474 2472
f 2473 2475 2472
f 2469 2468 2474
f 2475 2469 2474
f 2474 2468 2471
f 2472 2474 2471
f 2470 2469 2475
f 2470 2475 2473
f 2479 2476 2477
f 2479 2477 2478
f 2481 2479 2478
f 2481 2478 2480
f 2483 2482 2481
f 2480 2483 2481
f 2476 2482 2483
f 2476 2483 2477
f 2482 2476 2479
f 2481 2482 2479
f 2478 2477 2483
f 2478 2483 2480
f 2485 2484 2487
f 2486 2485 2487
f 2486 2487 2489
f 2488 2486 2489
f 2488 2489 2491
f 2490 2488 2491
f 2490 2491 2484
f 2485 2490 2484
f 2489 2487 2484
f 2491 2489 2484
f 2485 2486 2488
f 2485 2488 2490
f 2495 2492 2493
f 2495 2493 2494
f 2497 2495 2494
f 2497 2494 2496
f 2499 2498 2497
f 2496 2499 2497
f 2493 2492 2498
f 2499 2493 2498
f 2498 2492 2495
f 2497 2498 2495
f 2494 2493 2499
f 2494 2499 2496
f 2503 2500 2501
f 2503 2501 2502
f 2505 2503 2502
f 2505 2502 2504
f 2507 2506 2505
f 2504 2507 2505
f 2501 2500 2506
f 2507 2501 2506
f 2506 2500 2503
f 2505 2506 2503
f 2502 2501 2507
f 2502 2507 2504
f 2509 2508 2511
f 2510 2509 2511
f 2510 2511 2513
f 2512 2510 2513
f 2512 2513 2515
f 2514 2512 2515
f 2514 2515 2508
f 2509 2514 2508
f 2513 2511 2508
f 2515 2513 2508
f 2509 2510 2512
f 2509 2512 2514
f 2519 2516 2517
f 2519 2517 2518
f 2521 2519 2518
f 2521 2518 2520
f 2523 2522 2521
f 2520 2523 2521
f 2517 2516 2522
f 2523 2517 2522
f 2522 2516 2519
f 2521 2522 2519
f 2518 2517 2523
f 2518 2523 2520
f 2527 2524 2525
f 2527 2525 2526
f 2529 2527 2526
f 2529 2526 2528
f 2531 2530 2529
f 2528 2531 2529
f 2525 2524 2530
f 2531 2525 2530
f 2530 2524 2527
f 2529 2530 2527
f 2526 2525 2531
f 2526 2531 2528
f 2535 2532 2533
f 2535 2533 2534
f 2537 2536 2535
f 2534 2537 2535
f 2539 2538 2536
f 2537 2539 2536
f 2533 2532 2538
f 2539 2533 2538
f 2538 2532 2535
f 2536 2538 2535
f 2534 2533 2539
f 2534 2539 2537
f 2543 2540 2541
f 2543 2541 2542
f 2545 2543 2542
f 2545 2542 2544
f 2547 2546 2545
f 2544 2547 2545
f 2540 2546 2547
f 2540 2547 2541
f 2546 2540 2543
f 2545 2546 2543
f 2542 2541 2547
f 2542 2547 2544
f 2549 2548 2551
f 2550 2549 2551
f 2550 2551 2553
f 2552 2550 2553
f 2552 2553 2555
f 2554 2552 2555
f 2554 2555 2548
f 2549 2554 2548
f 2553 2551 2548
f 2555 2553 2548
f 2549 2550 2552
f 2549 2552 2554
f 2557 2556 2559
f 2558 2557 2559
f 2558 2559 2561
f 2560 2558 2561
f 2560 2561 2563
f 2562 2560 2563
f 2562 2563 2556
f 2557 2562 2556
f 2561 2559 2556
f 2563 2561 2556
f 2557 2558 2560
f 2557 2560 2562
f 2565 2564 2567
f 2566 2565 2567
f 2566 2567 2569
f 2568 2566 2569
f 2568 2569 2571
f 2570 2568 2571
f 2570 2571 2564
f 2565 2570 2564
f 2569 2567 2564
f 2571 2569 2564
f 2565 2566 2568
f 2565 2568 2570
f 2573 2572 2575
f 2574 2573 2575
f 2574 2575 2577
f 2576 2574 2577
f 2576 2577 2579
f 2578 2576 2579
f 2578 2579 2572
f 2573 2578 2572
f 2577 2575 2572
f 2579 2577 2572
f 2573 2574 2576
f 2573 2576 2578
f 2581 2580 2583
f 2582 2581 2583
f 2582 2583 2585
f 2584 2582 2585
f 2584 2585 2587
f 2586 2584 2587
f 2586 2587 2580
f 2581 2586 2580
f 2585 2583 2580
f 2587 2585 2580
f 2581 2582 2584
f 2581 2584 2586
f 2591 2588 2589
f 2591 2589 2590
f 2593 2591 2590
f 2593 2590 2592
f 2595 2594 2593
f 2592 2595 2593
f 2589 2588 2594
f 2595 2589 2594
f 2594 2588 2591
f 2593 2594 2591
f 2590 2589 2595
f 2590 2595 2592
f 2599 2596 2597
f 2599 2597 2598
f 2601 2599 2598
f 2601 2598 2600
f 2603 2602 2601
f 2600 2603 2601
f 2596 2602 2603
f 2596 2603 2597
f 2601 2602 2599
f 2602 2596 2599
f 2598 2603 2600
f 2598 2597 2603
f 2605 2604 2607
f 2606 2605 2607
f 2606 2607 2609
f 2608 2606 2609
f 2608 2609 2611
f 2610 2608 2611
f 2610 2611 2604
f 2605 2610 2604
f 2611 2609 2607
f 2604 2611 2607
f 2606 2608 2610
f 2606 2610 2605
f 2613 2612 2668
f 2614 2613 2668
f 2615 2614 2669
f 2616 2615 2669
f 2614 2668 2669
f 2616 2669 2670
f 2617 2616 2671
f 2616 2670 2671
f 2618 2617 2672
f 2619 2618 2672
f 2617 2671 2672
f 2619 2672 2673
f 2620 2619 2674
f 2621 2620 2674
f 2619 2673 2674
f 2621 2674 2675
f 2622 2621 2676
f 2623 2622 2676
f 2621 2675 2676
f 2623 2676 2677
f 2624 2623 2678
f 2623 2677 2678
f 2625 2624 2679
f 2624 2678 2679
f 2626 2625 2680
f 2625 2679 2680
f 2627 2626 2681
f 2626 2680 2681
f 2628 2627 2682
f 2627 2681 2682
f 2629 2628 2683
f 2628 2682 2683
f 2630 2629 2684
f 2629 2683 2684
f 2631 2630 2685
f 2632 2631 2685
f 2630 2684 2685
f 2633 2632 2686
f 2632 2685 2686
f 2634 2633 2687
f 2633 2686 2687
f 2635 2634 2688
f 2634 2687 2688
f 2635 2688 2689
f 2635 2689 2690
f 2636 2635 2690
f 2636 2690 2691
f 2637 2636 2691
f 2637 2691 2692
f 2638 2637 2692
f 2638 2692 2693
f 2639 2638 2693
f 2639 2693 2694
f 2640 2639 2694
f 2640 2694 2695
f 2641 2640 2695
f 2642 2641 2696
f 2641 2695 2696
f 2643 2642 2697
f 2642 2696 2697
f 2644 2643 2698
f 2643 2697 2698
f 2645 2644 2699
f 2644 2698 2699
f 2646 2645 2700
f 2647 2646 2700
f 2645 2699 2700
f 2648 2647 2701
f 2647 2700 2701
f 2648 2701 2702
f 2649 2648 2703
f 2648 2702 2703
f 2650 2649 2704
f 2649 2703 2704
f 2651 2650 2705
f 2650 2704 2705
f 2652 2651 2706
f 2653 2652 2706
f 2651 2705 2706
f 2653 2706 2707
f 2654 2653 2708
f 2655 2654 2708
f 2653 2707 2708
f 2655 2708 2709
f 2656 2655 2710
f 2657 2656 2710
f 2655 2709 2710
f 2657 2710 2711
f 2658 2657 2712
f 2657 2711 2712
f 2659 2658 2713
f 2658 2712 2713
f 2659 2713 2714
f 2660 2659 2714
f 2660 2714 2715
f 2661 2660 2715
f 2662 2661 2715
f 2662 2715 2716
f 2662 2716 2717
f 2663 2662 2717
f 2663 2717 2718
f 2664 2663 2718
f 2664 2718 2719
f 2665 2664 2719
f 2665 2719 2720
f 2666 2665 2720
f 2666 2720 2721
f 2667 2666 2721
f 2667 2721 2612
f 2613 2667 2612
f 2721 2720 2612
f 2668 2612 2669
f 2670 2669 2674
f 2671 2670 2674
f 2672 2671 2674
f 2673 2672 2674
f 2676 2675 2674
f 2677 2676 2674
f 2678 2677 2674
f 2679 2678 2674
f 2680 2679 2674
f 2681 2680 2674
f 2682 2681 2674
f 2683 2682 2674
f 2684 2683 2674
f 2685 2684 2674
f 2686 2685 2674
f 2687 2686 2674
f 2688 2687 2674
f 2689 2688 2674
f 2690 2689 2674
f 2691 2690 2674
f 2692 2691 2674
f 2693 2692 2674
f 2694 2693 2674
f 2695 2694 2674
f 2696 2695 2674
f 2697 2696 2674
f 2669 2612 2674
f 2698 2697 2674
f 2699 2698 2674
f 2700 2699 2674
f 2701 2700 2674
f 2702 2701 2674
f 2703 2702 2674
f 2704 2703 2674
f 2705 2704 2674
f 2706 2705 2674
f 2707 2706 2674
f 2708 2707 2674
f 2612 2720 2674
f 2709 2708 2674
f 2710 2709 2674
f 2711 2710 2674
f 2712 2711 2674
f 2713 2712 2674
f 2714 2713 2674
f 2715 2714 2674
f 2716 2715 2674
f 2717 2716 2674
f 2718 2717 2674
f 2719 2718 2674
f 2720 2719 2674
f 2613 2666 2667
f 2615 2613 2614
f 2620 2615 2616
f 2620 2616 2617
f 2620 2617 2618
f 2620 2618 2619
f 2620 2621 2622
f 2620 2622 2623
f 2620 2623 2624
f 2620 2624 2625
f 2620 2625 2626
f 2620 2626 2627
f 2620 2627 2628
f 2620 2628 2629
f 2620 2629 2630
f 2620 2630 2631
f 2620 2631 2632
f 2620 2632 2633
f 2620 2633 2634
f 2620 2634 2635
f 2620 2635 2636
f 2620 2636 2637
f 2620 2637 2638
f 2620 2638 2639
f 2620 2639 2640
f 2620 2640 2641
f 2620 2641 2642
f 2620 2642 2643
f 2620 2613 2615
f 2620 2643 2644
f 2620 2644 2645
f 2620 2645 2646
f 2620 2646 2647
f 2620 2647 2648
f 2620 2648 2649
f 2620 2649 2650
f 2620 2650 2651
f 2620 2651 2652
f 2620 2652 2653
f 2620 2653 2654
f 2620 2666 2613
f 2620 2654 2655
f 2620 2655 2656
f 2620 2656 2657
f 2620 2657 2658
f 2620 2658 2659
f 2620 2659 2660
f 2620 2660 2661
f 2620 2661 2662
f 2620 2662 2663
f 2620 2663 2664
f 2620 2664 2665
f 2620 2665 2666
f 2723 2722 2778
f 2724 2723 2778
f 2725 2724 2779
f 2724 2778 2779
f 2726 2725 2780
f 2725 2779 2780
f 2727 2726 2781
f 2726 2780 2781
f 2728 2727 2782
f 2729 2728 2782
f 2727 2781 2782
f 2729 2782 2783
f 2730 2729 2784
f 2729 2783 2784
f 2731 2730 2785
f 2732 2731 2785
f 2730 2784 2785
f 2732 2785 2786
f 2733 2732 2787
f 2732 2786 2787
f 2734 2733 2788
f 2733 2787 2788
f 2735 2734 2789
f 2736 2735 2789
f 2734 2788 2789
f 2736 2789 2790
f 2737 2736 2791
f 2736 2790 2791
f 2738 2737 2792
f 2737 2791 2792
f 2739 2738 2793
f 2738 2792 2793
f 2740 2739 2794
f 2739 2793 2794
f 2741 2740 2795
f 2740 2794 2795
f 2742 2741 2796
f 2741 2795 2796
f 2743 2742 2797
f 2742 2796 2797
f 2744 2743 2798
f 2745 2744 2798
f 2743 2797 2798
f 2745 2798 2799
f 2745 2799 2800
f 2746 2745 2800
f 2746 2800 2801
f 2747 2746 2801
f 2747 2801 2802
f 2748 2747 2802
f 2749 2748 2802
f 2749 2802 2803
f 2749 2803 2804
f 2750 2749 2804
f 2750 2804 2805
f 2751 2750 2805
f 2752 2751 2806
f 2751 2805 2806
f 2753 2752 2807
f 2754 2753 2807
f 2752 2806 2807
f 2754 2807 2808
f 2755 2754 2809
f 2754 2808 2809
f 2756 2755 2810
f 2755 2809 2810
f 2757 2756 2811
f 2756 2810 2811
f 2758 2757 2812
f 2757 2811 2812
f 2759 2758 2813
f 2758 2812 2813
f 2760 2759 2814
f 2759 2813 2814
f 2761 2760 2815
f 2762 2761 2815
f 2760 2814 2815
f 2762 2815 2816
f 2763 2762 2817
f 2762 2816 2817
f 2764 2763 2818
f 2765 2764 2818
f 2763 2817 2818
f 2765 2818 2819
f 2766 2765 2820
f 2767 2766 2820
f 2765 2819 2820
f 2767 2820 2821
f 2768 2767 2822
f 2767 2821 2822
f 2769 2768 2823
f 2768 2822 2823
f 2769 2823 2824
f 2770 2769 2824
f 2770 2824 2825
f 2771 2770 2825
f 2772 2771 2825
f 2772 2825 2826
f 2773 2772 2826
f 2773 2826 2827
f 2774 2773 2827
f 2774 2827 2828
f 2775 2774 2828
f 2775 2828 2829
f 2775 2829 2830
f 2776 2775 2830
f 2776 2830 2831
f 2777 2776 2831
f 2777 2831 2722
f 2723 2777 2722
f 2831 2830 2722
f 2778 2722 2779
f 2780 2779 2784
f 2781 2780 2784
f 2782 2781 2784
f 2783 2782 2784
f 2786 2785 2784
f 2787 2786 2784
f 2788 2787 2784
f 2789 2788 2784
f 2790 2789 2784
f 2791 2790 2784
f 2792 2791 2784
f 2793 2792 2784
f 2794 2793 2784
f 2795 2794 2784
f 2796 2795 2784
f 2797 2796 2784
f 2798 2797 2784
f 2799 2798 2784
f 2800 2799 2784
f 2801 2800 2784
f 2802 2801 2784
f 2803 2802 2784
f 2804 2803 2784
f 2805 2804 2784
f 2806 2805 2784
f 2807 2806 2784
f 2779 2722 2784
f 2808 2807 2784
f 2809 2808 2784
f 2810 2809 2784
f 2811 2810 2784
f 2812 2811 2784
f 2813 2812 2784
f 2814 2813 2784
f 2815 2814 2784
f 2816 2815 2784
f 2817 2816 2784
f 2818 2817 2784
f 2722 2830 2784
f 2819 2818 2784
f 2820 2819 2784
f 2821 2820 2784
f 2822 2821 2784
f 2823 2822 2784
f 2824 2823 2784
f 2825 2824 2784
f 2826 2825 2784
f 2827 2826 2784
f 2828 2827 2784
f 2829 2828 2784
f 2830 2829 2784
f 2723 2776 2777
f 2725 2723 2724
f 2730 2725 2726
f 2730 2726 2727
f 2730 2727 2728
f 2730 2728 2729
f 2730 2731 2732
f 2730 2732 2733
f 2730 2733 2734
f 2730 2734 2735
f 2730 2735 2736
f 2730 2736 2737
f 2730 2737 2738
f 2730 2738 2739
f 2730 2739 2740
f 2730 2740 2741
f 2730 2741 2742
f 2730 2742 2743
f 2730 2743 2744
f 2730 2744 2745
f 2730 2745 2746
f 2730 2746 2747
f 2730 2747 2748
f 2730 2748 2749
f 2730 2749 2750
f 2730 2750 2751
f 2730 2751 2752
f 2730 2752 2753
f 2730 2723 2725
f 2730 2753 2754
f 2730 2754 2755
f 2730 2755 2756
f 2730 2756 2757
f 2730 2757 2758
f 2730 2758 2759
f 2730 2759 2760
f 2730 2760 2761
f 2730 2761 2762
f 2730 2762 2763
f 2730 2763 2764
f 2730 2776 2723
f 2730 2764 2765
f 2730 2765 2766
f 2730 2766 2767
f 2730 2767 2768
f 2730 2768 2769
f 2730 2769 2770
f 2730 2770 2771
f 2730 2771 2772
f 2730 2772 2773
f 2730 2773 2774
f 2730 2774 2775
f 2730 2775 2776
f 2833 2832 2888
f 2834 2833 2888
f 2835 2834 2889
f 2834 2888 2889
f 2836 2835 2890
f 2835 2889 2890
f 2837 2836 2891
f 2836 2890 2891
f 2838 2837 2892
f 2839 2838 2892
f 2837 2891 2892
f 2839 2892 2893
f 2840 2839 2894
f 2839 2893 2894
f 2841 2840 2895
f 2842 2841 2895
f 2840 2894 2895
f 2842 2895 2896
f 2843 2842 2897
f 2842 2896 2897
f 2844 2843 2898
f 2843 2897 2898
f 2845 2844 2899
f 2846 2845 2899
f 2844 2898 2899
f 2846 2899 2900
f 2847 2846 2901
f 2846 2900 2901
f 2848 2847 2902
f 2847 2901 2902
f 2849 2848 2903
f 2848 2902 2903
f 2850 2849 2904
f 2849 2903 2904
f 2851 2850 2905
f 2850 2904 2905
f 2852 2851 2906
f 2851 2905 2906
f 2853 2852 2907
f 2852 2906 2907
f 2854 2853 2908
f 2855 2854 2908
f 2853 2907 2908
f 2855 2908 2909
f 2855 2909 2910
f 2856 2855 2910
f 2856 2910 2911
f 2857 2856 2911
f 2857 2911 2912
f 2858 2857 2912
f 2859 2858 2912
f 2859 2912 2913
f 2859 2913 2914
f 2860 2859 2914
f 2860 2914 2915
f 2861 2860 2915
f 2862 2861 2916
f 2861 2915 2916
f 2863 2862 2917
f 2864 2863 2917
f 2862 2916 2917
f 2864 2917 2918
f 2865 2864 2919
f 2864 2918 2919
f 2866 2865 2920
f 2865 2919 2920
f 2867 2866 2921
f 2866 2920 2921
f 2868 2867 2922
f 2867 2921 2922
f 2869 2868 2923
f 2868 2922 2923
f 2870 2869 2924
f 2869 2923 2924
f 2871 2870 2925
f 2872 2871 2925
f 2870 2924 2925
f 2872 2925 2926
f 2873 2872 2927
f 2872 2926 2927
f 2874 2873 2928
f 2875 2874 2928
f 2873 2927 2928
f 2875 2928 2929
f 2876 2875 2930
f 2877 2876 2930
f 2875 2929 2930
f 2877 2930 2931
f 2878 2877 2932
f 2877 2931 2932
f 2879 2878 2933
f 2878 2932 2933
f 2879 2933 2934
f 2880 2879 2934
f 2880 2934 2935
f 2881 2880 2935
f 2882 2881 2935
f 2882 2935 2936
f 2883 2882 2936
f 2883 2936 2937
f 2884 2883 2937
f 2884 2937 2938
f 2885 2884 2938
f 2885 2938 2939
f 2885 2939 2940
f 2886 2885 2940
f 2886 2940 2941
f 2887 2886 2941
f 2887 2941 2832
f 2833 2887 2832
f 2941 2940 2832
f 2888 2832 2889
f 2890 2889 2894
f 2891 2890 2894
f 2892 2891 2894
f 2893 2892 2894
f 2896 2895 2894
f 2897 2896 2894
f 2898 2897 2894
f 2899 2898 2894
f 2900 2899 2894
f 2901 2900 2894
f 2902 2901 2894
f 2903 2902 2894
f 2904 2903 2894
f 2905 2904 2894
f 2906 2905 2894
f 2907 2906 2894
f 2908 2907 2894
f 2909 2908 2894
f 2910 2909 2894
f 2911 2910 2894
f 2912 2911 2894
f 2913 2912 2894
f 2914 2913 2894
f 2915 2914 2894
f 2916 2915 2894
f 2917 2916 2894
f 2889 2832 2894
f 2918 2917 2894
f 2919 2918 2894
f 2920 2919 2894
f 2921 2920 2894
f 2922 2921 2894
f 2923 2922 2894
f 2924 2923 2894
f 2925 2924 2894
f 2926 2925 2894
f 2927 2926 2894
f 2928 2927 2894
f 2832 2940 2894
f 2929 2928 2894
f 2930 2929 2894
f 2931 2930 2894
f 2932 2931 2894
f 2933 2932 2894
f 2934 2933 2894
f 2935 2934 2894
f 2936 2935 2894
f 2937 2936 2894
f 2938 2937 2894
f 2939 2938 2894
f 2940 2939 2894
f 2833 2886 2887
f 2835 2833 2834
f 2840 2835 2836
f 2840 2836 2837
f 2840 2837 2838
f 2840 2838 2839
f 2840 2841 2842
f 2840 2842 2843
f 2840 2843 2844
f 2840 2844 2845
f 2840 2845 2846
f 2840 2846 2847
f 2840 2847 2848
f 2840 2848 2849
f 2840 2849 2850
f 2840 2850 2851
f 2840 2851 2852
f 2840 2852 2853
f 2840 2853 2854
f 2840 2854 2855
f 2840 2855 2856
f 2840 2856 2857
f 2840 2857 2858
f 2840 2858 2859
f 2840 2859 2860
f 2840 2860 2861
f 2840 2861 2862
f 2840 2862 2863
f 2840 2833 2835
f 2840 2863 2864
f 2840 2864 2865
f 2840 2865 2866
f 2840 2866 2867
f 2840 2867 2868
f 2840 2868 2869
f 2840 2869 2870
f 2840 2870 2871
f 2840 2871 2872
f 2840 2872 2873
f 2840 2873 2874
f 2840 2886 2833
f 2840 2874 2875
f 2840 2875 2876
f 2840 2876 2877
f 2840 2877 2878
f 2840 2878 2879
f 2840 2879 2880
f 2840 2880 2881
f 2840 2881 2882
f 2840 2882 2883
f 2840 2883 2884
f 2840 2884 2885
f 2840 2885 2886
f 2943 2942 2998
f 2944 2943 2998
f 2945 2944 2999
f 2944 2998 2999
f 2946 2945 3000
f 2945 2999 3000
f 2947 2946 3001
f 2946 3000 3001
f 2948 2947 3002
f 2949 2948 3002
f 2947 3001 3002
f 2949 3002 3003
f 2950 2949 3004
f 2949 3003 3004
f 2951 2950 3005
f 2952 2951 3005
f 2950 3004 3005
f 2952 3005 3006
f 2953 2952 3007
f 2952 3006 3007
f 2954 2953 3008
f 2953 3007 3008
f 2955 2954 3009
f 2956 2955 3009
f 2954 3008 3009
f 2956 3009 3010
f 2957 2956 3011
f 2956 3010 3011
f 2958 2957 3012
f 2957 3011 3012
f 2959 2958 3013
f 2958 3012 3013
f 2960 2959 3014
f 2959 3013 3014
f 2961 2960 3015
f 2960 3014 3015
f 2962 2961 3016
f 2961 3015 3016
f 2963 2962 3017
f 2962 3016 3017
f 2964 2963 3018
f 2965 2964 3018
f 2963 3017 3018
f 2965 3018 3019
f 2965 3019 3020
f 2966 2965 3020
f 2966 3020 3021
f 2967 2966 3021
f 2967 3021 3022
f 2968 2967 3022
f 2969 2968 3022
f 2969 3022 3023
f 2969 3023 3024
f 2970 2969 3024
f 2970 3024 3025
f 2971 2970 3025
f 2972 2971 3026
f 2971 3025 3026
f 2973 2972 3027
f 2974 2973 3027
f 2972 3026 3027
f 2974 3027 3028
f 2975 2974 3029
f 2974 3028 3029
f 2976 2975 3030
f 2975 3029 3030
f 2977 2976 3031
f 2976 3030 3031
f 2978 2977 3032
f 2977 3031 3032
f 2979 2978 3033
f 2978 3032 3033
f 2980 2979 3034
f 2979 3033 3034
f 2981 2980 3035
f 2982 2981 3035
f 2980 3034 3035
f 2982 3035 3036
f 2983 2982 3037
f 2982 3036 3037
f 2984 2983 3038
f 2985 2984 3038
f 2983 3037 3038
f 2985 3038 3039
f 2986 2985 3040
f 2987 2986 3040
f 2985 3039 3040
f 2987 3040 3041
f 2988 2987 3042
f 2987 3041 3042
f 2989 2988 3043
f 2988 3042 3043
f 2989 3043 3044
f 2990 2989 3044
f 2990 3044 3045
f 2991 2990 3045
f 2992 2991 3045
f 2992 3045 3046
f 2993 2992 3046
f 2993 3046 3047
f 2994 2993 3047
f 2994 3047 3048
f 2995 2994 3048
f 2995 3048 3049
f 2995 3049 3050
f 2996 2995 3050
f 2996 3050 3051
f 2997 2996 3051
f 2997 3051 2942
f 2943 2997 2942
f 3051 3050 2942
f 2998 2942 2999
f 3000 2999 3004
f 3001 3000 3004
f 3002 3001 3004
f 3003 3002 3004
f 3006 3005 3004
f 3007 3006 3004
f 3008 3007 3004
f 3009 3008 3004
f 3010 3009 3004
f 3011 3010 3004
f 3012 3011 3004
f 3013 3012 3004
f 3014 3013 3004
f 3015 3014 3004
f 3016 3015 3004
f 3017 3016 3004
f 3018 3017 3004
f 3019 3018 3004
f 3020 3019 3004
f 3021 3020 3004
f 3022 3021 3004
f 3023 3022 3004
f 3024 3023 3004
f 3025 3024 3004
f 3026 3025 3004
f 3027 3026 3004
f 2999 2942 3004
f 3028 3027 3004
f 3029 3028 3004
f 3030 3029 3004
f 3031 3030 3004
f 3032 3031 3004
f 3033 3032 3004
f 3034 3033 3004
f 3035 3034 3004
f 3036 3035 3004
f 3037 3036 3004
f 3038 3037 3004
f 2942 3050 3004
f 3039 3038 3004
f 3040 3039 3004
f 3041 3040 3004
f 3042 3041 3004
f 3043 3042 3004
f 3044 3043 3004
f 3045 3044 3004
f 3046 3045 3004
f 3047 3046 3004
f 3048 3047 3004
f 3049 3048 3004
f 3050 3049 3004
f 2943 2996 2997
f 2945 2943 2944
f 2950 2945 2946
f 2950 2946 2947
f 2950 2947 2948
f 2950 2948 2949
f 2950 2951 2952
f 2950 2952 2953
f 2950 2953 2954
f 2950 2954 2955
f 2950 2955 2956
f 2950 2956 2957
f 2950 2957 2958
f 2950 2958 2959
f 2950 2959 2960
f 2950 2960 2961
f 2950 2961 2962
f 2950 2962 2963
f 2950 2963 2964
f 2950 2964 2965
f 2950 2965 2966
f 2950 2966 2967
f 2950 2967 2968
f 2950 2968 2969
f 2950 2969 2970
f 2950 2970 2971
f 2950 2971 2972
f 2950 2972 2973
f 2950 2943 2945
f 2950 2973 2974
f 2950 2974 2975
f 2950 2975 2976
f 2950 2976 2977
f 2950 2977 2978
f 2950 2978 2979
f 2950 2979 2980
f 2950 2980 2981
f 2950 2981 2982
f 2950 2982 2983
f 2950 2983 2984
f 2950 2996 2943
f 2950 2984 2985
f 2950 2985 2986
f 2950 2986 2987
f 2950 2987 2988
f 2950 2988 2989
f 2950 2989 2990
f 2950 2990 2991
f 2950 2991 2992
f 2950 2992 2993
f 2950 2993 2994
f 2950 2994 2995
f 2950 2995 2996
f 3053 3052 3108
f 3054 3053 3108
f 3055 3054 3109
f 3054 3108 3109
f 3056 3055 3110
f 3055 3109 3110
f 3057 3056 3111
f 3056 3110 3111
f 3058 3057 3112
f 3059 3058 3112
f 3057 3111 3112
f 3059 3112 3113
f 3060 3059 3114
f 3059 3113 3114
f 3061 3060 3115
f 3062 3061 3115
f 3060 3114 3115
f 3062 3115 3116
f 3063 3062 3117
f 3062 3116 3117
f 3064 3063 3118
f 3063 3117 3118
f 3065 3064 3119
f 3066 3065 3119
f 3064 3118 3119
f 3066 3119 3120
f 3067 3066 3121
f 3066 3120 3121
f 3068 3067 3122
f 3067 3121 3122
f 3069 3068 3123
f 3068 3122 3123
f 3070 3069 3124
f 3069 3123 3124
f 3071 3070 3125
f 3070 3124 3125
f 3072 3071 3126
f 3071 3125 3126
f 3073 3072 3127
f 3072 3126 3127
f 3074 3073 3128
f 3075 3074 3128
f 3073 3127 3128
f 3075 3128 3129
f 3075 3129 3130
f 3076 3075 3130
f 3076 3130 3131
f 3077 3076 3131
f 3077 3131 3132
f 3078 3077 3132
f 3079 3078 3132
f 3079 3132 3133
f 3079 3133 3134
f 3080 3079 3134
f 3080 3134 3135
f 3081 3080 3135
f 3082 3081 3136
f 3081 3135 3136
f 3083 3082 3137
f 3084 3083 3137
f 3082 3136 3137
f 3084 3137 3138
f 3085 3084 3139
f 3084 3138 3139
f 3086 3085 3140
f 3085 3139 3140
f 3087 3086 3141
f 3086 3140 3141
f 3088 3087 3142
f 3087 3141 3142
f 3089 3088 3143
f 3088 3142 3143
f 3090 3089 3144
f 3089 3143 3144
f 3091 3090 3145
f 3092 3091 3145
f 3090 3144 3145
f 3092 3145 3146
f 3093 3092 3147
f 3092 3146 3147
f 3094 3093 3148
f 3095 3094 3148
f 3093 3147 3148
f 3095 3148 3149
f 3096 3095 3150
f 3097 3096 3150
f 3095 3149 3150
f 3097 3150 3151
f 3098 3097 3152
f 3097 3151 3152
f 3099 3098 3153
f 3098 3152 3153
f 3099 3153 3154
f 3100 3099 3154
f 3100 3154 3155
f 3101 3100 3155
f 3102 3101 3155
f 3102 3155 3156
f 3103 3102 3156
f 3103 3156 3157
f 3104 3103 3157
f 3104 3157 3158
f 3105 3104 3158
f 3105 3158 3159
f 3105 3159 3160
f 3106 3105 3160
f 3106 3160 3161
f 3107 3106 3161
f 3107 3161 3052
f 3053 3107 3052
f 3161 3160 3052
f 3108 3052 3109
f 3110 3109 3114
f 3111 3110 3114
f 3112 3111 3114
f 3113 3112 3114
f 3116 3115 3114
f 3117 3116 3114
f 3118 3117 3114
f 3119 3118 3114
f 3120 3119 3114
f 3121 3120 3114
f 3122 3121 3114
f 3123 3122 3114
f 3124 3123 3114
f 3125 3124 3114
f 3126 3125 3114
f 3127 3126 3114
f 3128 3127 3114
f 3129 3128 3114
f 3130 3129 3114
f 3131 3130 3114
f 3132 3131 3114
f 3133 3132 3114
f 3134 3133 3114
f 3135 3134 3114
f 3136 3135 3114
f 3137 3136 3114
f 3109 3052 3114
f 3138 3137 3114
f 3139 3138 3114
f 3140 3139 3114
f 3141 3140 3114
f 3142 3141 3114
f 3143 3142 3114
f 3144 3143 3114
f 3145 3144 3114
f 3146 3145 3114
f 3147 3146 3114
f 3148 3147 3114
f 3052 3160 3114
f 3149 3148 3114
f 3150 3149 3114
f 3151 3150 3114
f 3152 3151 3114
f 3153 3152 3114
f 3154 3153 3114
f 3155 3154 3114
f 3156 3155 3114
f 3157 3156 3114
f 3158 3157 3114
f 3159 3158 3114
f 3160 3159 3114
f 3053 3106 3107
f 3055 3053 3054
f 3060 3055 3056
f 3060 3056 3057
f 3060 3057 3058
f 3060 3058 3059
f 3060 3061 3062
f 3060 3062 3063
f 3060 3063 3064
f 3060 3064 3065
f 3060 3065 3066
f 3060 3066 3067
f 3060 3067 3068
f 3060 3068 3069
f 3060 3069 3070
f 3060 3070 3071
f 3060 3071 3072
f 3060 3072 3073
f 3060 3073 3074
f 3060 3074 3075
f 3060 3075 3076
f 3060 3076 3077
f 3060 3077 3078
f 3060 3078 3079
f 3060 3079 3080
f 3060 3080 3081
f 3060 3081 3082
f 3060 3082 3083
f 3060 3053 3055
f 3060 3083 3084
f 3060 3084 3085
f 3060 3085 3086
f 3060 3086 3087
f 3060 3087 3088
f 3060 3088 3089
f 3060 3089 3090
f 3060 3090 3091
f 3060 3091 3092
f 3060 3092 3093
f 3060 3093 3094
f 3060 3106 3053
f 3060 3094 3095
f 3060 3095 3096
f 3060 3096 3097
f 3060 3097 3098
f 3060 3098 3099
f 3060 3099 3100
f 3060 3100 3101
f 3060 3101 3102
f 3060 3102 3103
f 3060 3103 3104
f 3060 3104 3105
f 3060 3105 3106
f 3163 3162 3218
f 3164 3163 3218
f 3165 3164 3219
f 3164 3218 3219
f 3166 3165 3220
f 3167 3166 3220
f 3165 3219 3220
f 3167 3220 3221
f 3168 3167 3222
f 3169 3168 3222
f 3167 3221 3222
f 3169 3222 3223
f 3170 3169 3224
f 3171 3170 3224
f 3169 3223 3224
f 3171 3224 3225
f 3172 3171 3226
f 3173 3172 3226
f 3171 3225 3226
f 3173 3226 3227
f 3174 3173 3228
f 3175 3174 3228
f 3173 3227 3228
f 3175 3228 3229
f 3176 3175 3230
f 3175 3229 3230
f 3177 3176 3231
f 3176 3230 3231
f 3178 3177 3232
f 3179 3178 3232
f 3177 3231 3232
f 3179 3232 3233
f 3180 3179 3234
f 3179 3233 3234
f 3181 3180 3235
f 3182 3181 3235
f 3180 3234 3235
f 3182 3235 3236
f 3183 3182 3237
f 3184 3183 3237
f 3182 3236 3237
f 3184 3237 3238
f 3184 3238 3239
f 3185 3184 3239
f 3185 3239 3240
f 3186 3185 3240
f 3186 3240 3241
f 3187 3186 3241
f 3187 3241 3242
f 3188 3187 3242
f 3189 3188 3242
f 3189 3242 3243
f 3189 3243 3244
f 3190 3189 3244
f 3191 3190 3244
f 3191 3244 3245
f 3192 3191 3245
f 3192 3245 3246
f 3193 3192 3247
f 3194 3193 3247
f 3192 3246 3247
f 3195 3194 3248
f 3194 3247 3248
f 3195 3248 3249
f 3196 3195 3250
f 3195 3249 3250
f 3197 3196 3251
f 3198 3197 3251
f 3196 3250 3251
f 3198 3251 3252
f 3199 3198 3253
f 3198 3252 3253
f 3200 3199 3254
f 3199 3253 3254
f 3201 3200 3255
f 3202 3201 3255
f 3200 3254 3255
f 3202 3255 3256
f 3203 3202 3257
f 3204 3203 3257
f 3202 3256 3257
f 3205 3204 3258
f 3204 3257 3258
f 3205 3258 3259
f 3206 3205 3260
f 3205 3259 3260
f 3207 3206 3261
f 3208 3207 3261
f 3206 3260 3261
f 3208 3261 3262
f 3209 3208 3263
f 3208 3262 3263
f 3209 3263 3264
f 3210 3209 3264
f 3211 3210 3264
f 3211 3264 3265
f 3211 3265 3266
f 3212 3211 3266
f 3212 3266 3267
f 3213 3212 3267
f 3214 3213 3267
f 3214 3267 3268
f 3214 3268 3269
f 3215 3214 3269
f 3215 3269 3270
f 3216 3215 3270
f 3216 3270 3271
f 3217 3216 3271
f 3163 3217 3271
f 3163 3271 3162
f 3271 3270 3162
f 3218 3162 3219
f 3220 3219 3224
f 3221 3220 3224
f 3222 3221 3224
f 3223 3222 3224
f 3226 3225 3224
f 3227 3226 3224
f 3228 3227 3224
f 3229 3228 3224
f 3230 3229 3224
f 3231 3230 3224
f 3232 3231 3224
f 3233 3232 3224
f 3234 3233 3224
f 3235 3234 3224
f 3236 3235 3224
f 3237 3236 3224
f 3238 3237 3224
f 3239 3238 3224
f 3240 3239 3224
f 3241 3240 3224
f 3242 3241 3224
f 3243 3242 3224
f 3244 3243 3224
f 3245 3244 3224
f 3246 3245 3224
f 3247 3246 3224
f 3219 3162 3224
f 3248 3247 3224
f 3249 3248 3224
f 3250 3249 3224
f 3251 3250 3224
f 3252 3251 3224
f 3253 3252 3224
f 3254 3253 3224
f 3255 3254 3224
f 3256 3255 3224
f 3257 3256 3224
f 3258 3257 3224
f 3162 3270 3224
f 3259 3258 3224
f 3260 3259 3224
f 3261 3260 3224
f 3262 3261 3224
f 3263 3262 3224
f 3264 3263 3224
f 3265 3264 3224
f 3266 3265 3224
f 3267 3266 3224
f 3268 3267 3224
f 3269 3268 3224
f 3270 3269 3224
f 3163 3216 3217
f 3165 3163 3164
f 3170 3165 3166
f 3170 3166 3167
f 3170 3167 3168
f 3170 3168 3169
f 3170 3171 3172
f 3170 3172 3173
f 3170 3173 3174
f 3170 3174 3175
f 3170 3175 3176
f 3170 3176 3177
f 3170 3177 3178
f 3170 3178 3179
f 3170 3179 3180
f 3170 3180 3181
f 3170 3181 3182
f 3170 3182 3183
f 3170 3183 3184
f 3170 3184 3185
f 3170 3185 3186
f 3170 3186 3187
f 3170 3187 3188
f 3170 3188 3189
f 3170 3189 3190
f 3170 3190 3191
f 3170 3191 3192
f 3170 3192 3193
f 3170 3163 3165
f 3170 3193 3194
f 3170 3194 3195
f 3170 3195 3196
f 3170 3196 3197
f 3170 3197 3198
f 3170 3198 3199
f 3170 3199 3200
f 3170 3200 3201
f 3170 3201 3202
f 3170 3202 3203
f 3170 3203 3204
f 3170 3216 3163
f 3170 3204 3205
f 3170 3205 3206
f 3170 3206 3207
f 3170 3207 3208
f 3170 3208 3209
f 3170 3209 3210
f 3170 3210 3211
f 3170 3211 3212
f 3170 3212 3213
f 3170 3213 3214
f 3170 3214 3215
f 3170 3215 3216
f 3273 3272 3328
f 3274 3273 3328
f 3275 3274 3329
f 3276 3275 3329
f 3274 3328 3329
f 3276 3329 3330
f 3277 3276 3331
f 3278 3277 3331
f 3276 3330 3331
f 3278 3331 3332
f 3279 3278 3333
f 3278 3332 3333
f 3280 3279 3334
f 3279 3333 3334
f 3281 3280 3335
f 3282 3281 3335
f 3280 3334 3335
f 3282 3335 3336
f 3283 3282 3337
f 3282 3336 3337
f 3284 3283 3338
f 3283 3337 3338
f 3285 3284 3339
f 3284 3338 3339
f 3286 3285 3340
f 3285 3339 3340
f 3287 3286 3341
f 3286 3340 3341
f 3288 3287 3342
f 3287 3341 3342
f 3289 3288 3343
f 3290 3289 3343
f 3288 3342 3343
f 3291 3290 3344
f 3290 3343 3344
f 3291 3344 3345
f 3292 3291 3346
f 3291 3345 3346
f 3293 3292 3347
f 3294 3293 3347
f 3292 3346 3347
f 3294 3347 3348
f 3294 3348 3349
f 3295 3294 3349
f 3295 3349 3350
f 3296 3295 3350
f 3296 3350 3351
f 3297 3296 3351
f 3297 3351 3352
f 3298 3297 3352
f 3299 3298 3352
f 3299 3352 3353
f 3299 3353 3354
f 3300 3299 3354
f 3300 3354 3355
f 3301 3300 3355
f 3302 3301 3356
f 3301 3355 3356
f 3303 3302 3357
f 3302 3356 3357
f 3304 3303 3358
f 3303 3357 3358
f 3305 3304 3359
f 3304 3358 3359
f 3306 3305 3360
f 3307 3306 3360
f 3305 3359 3360
f 3307 3360 3361
f 3308 3307 3362
f 3309 3308 3362
f 3307 3361 3362
f 3309 3362 3363
f 3310 3309 3364
f 3309 3363 3364
f 3311 3310 3365
f 3310 3364 3365
f 3312 3311 3366
f 3311 3365 3366
f 3313 3312 3367
f 3312 3366 3367
f 3314 3313 3368
f 3313 3367 3368
f 3315 3314 3369
f 3314 3368 3369
f 3316 3315 3370
f 3315 3369 3370
f 3317 3316 3371
f 3316 3370 3371
f 3318 3317 3372
f 3317 3371 3372
f 3319 3318 3373
f 3318 3372 3373
f 3319 3373 3374
f 3320 3319 3374
f 3320 3374 3375
f 3321 3320 3375
f 3321 3375 3376
f 3322 3321 3376
f 3322 3376 3377
f 3323 3322 3377
f 3323 3377 3378
f 3324 3323 3378
f 3324 3378 3379
f 3325 3324 3379
f 3325 3379 3380
f 3326 3325 3380
f 3327 3326 3380
f 3327 3380 3381
f 3327 3381 3272
f 3273 3327 3272
f 3381 3380 3272
f 3328 3272 3329
f 3330 3329 3334
f 3331 3330 3334
f 3332 3331 3334
f 3333 3332 3334
f 3336 3335 3334
f 3337 3336 3334
f 3338 3337 3334
f 3339 3338 3334
f 3340 3339 3334
f 3341 3340 3334
f 3342 3341 3334
f 3343 3342 3334
f 3344 3343 3334
f 3345 3344 3334
f 3346 3345 3334
f 3347 3346 3334
f 3348 3347 3334
f 3349 3348 3334
f 3350 3349 3334
f 3351 3350 3334
f 3352 3351 3334
f 3353 3352 3334
f 3354 3353 3334
f 3355 3354 3334
f 3356 3355 3334
f 3357 3356 3334
f 3329 3272 3334
f 3358 3357 3334
f 3359 3358 3334
f 3360 3359 3334
f 3361 3360 3334
f 3362 3361 3334
f 3363 3362 3334
f 3364 3363 3334
f 3365 3364 3334
f 3366 3365 3334
f 3367 3366 3334
f 3368 3367 3334
f 3272 3380 3334
f 3369 3368 3334
f 3370 3369 3334
f 3371 3370 3334
f 3372 3371 3334
f 3373 3372 3334
f 3374 3373 3334
f 3375 3374 3334
f 3376 3375 3334
f 3377 3376 3334
f 3378 3377 3334
f 3379 3378 3334
f 3380 3379 3334
f 3273 3326 3327
f 3275 3273 3274
f 3280 3275 3276
f 3280 3276 3277
f 3280 3277 3278
f 3280 3278 3279
f 3280 3281 3282
f 3280 3282 3283
f 3280 3283 3284
f 3280 3284 3285
f 3280 3285 3286
f 3280 3286 3287
f 3280 3287 3288
f 3280 3288 3289
f 3280 3289 3290
f 3280 3290 3291
f 3280 3291 3292
f 3280 3292 3293
f 3280 3293 3294
f 3280 3294 3295
f 3280 3295 3296
f 3280 3296 3297
f 3280 3297 3298
f 3280 3298 3299
f 3280 3299 3300
f 3280 3300 3301
f 3280 3301 3302
f 3280 3302 3303
f 3280 3273 3275
f 3280 3303 3304
f 3280 3304 3305
f 3280 3305 3306
f 3280 3306 3307
f 3280 3307 3308
f 3280 3308 3309
f 3280 3309 3310
f 3280 3310 3311
f 3280 3311 3312
f 3280 3312 3313
f 3280 3313 3314
f 3280 3326 3273
f 3280 3314 3315
f 3280 3315 3316
f 3280 3316 3317
f 3280 3317 3318
f 3280 3318 3319
f 3280 3319 3320
f 3280 3320 3321
f 3280 3321 3322
f 3280 3322 3323
f 3280 3323 3324
f 3280 3324 3325
f 3280 3325 3326
f 3383 3382 3438
f 3384 3383 3438
f 3385 3384 3439
f 3384 3438 3439
f 3386 3385 3440
f 3385 3439 3440
f 3387 3386 3441
f 3386 3440 3441
f 3388 3387 3442
f 3387 3441 3442
f 3389 3388 3443
f 3388 3442 3443
f 3390 3389 3444
f 3389 3443 3444
f 3391 3390 3445
f 3390 3444 3445
f 3392 3391 3446
f 3391 3445 3446
f 3393 3392 3447
f 3394 3393 3447
f 3392 3446 3447
f 3394 3447 3448
f 3395 3394 3449
f 3396 3395 3449
f 3394 3448 3449
f 3396 3449 3450
f 3397 3396 3451
f 3398 3397 3451
f 3396 3450 3451
f 3398 3451 3452
f 3399 3398 3453
f 3400 3399 3453
f 3398 3452 3453
f 3400 3453 3454
f 3401 3400 3455
f 3400 3454 3455
f 3402 3401 3456
f 3401 3455 3456
f 3403 3402 3457
f 3404 3403 3457
f 3402 3456 3457
f 3404 3457 3458
f 3404 3458 3459
f 3405 3404 3459
f 3405 3459 3460
f 3406 3405 3460
f 3407 3406 3460
f 3407 3460 3461
f 3407 3461 3462
f 3408 3407 3462
f 3408 3462 3463
f 3409 3408 3463
f 3410 3409 3463
f 3410 3463 3464
f 3410 3464 3465
f 3411 3410 3465
f 3412 3411 3465
f 3412 3465 3466
f 3413 3412 3467
f 3414 3413 3467
f 3412 3466 3467
f 3414 3467 3468
f 3415 3414 3469
f 3416 3415 3469
f 3414 3468 3469
f 3416 3469 3470
f 3417 3416 3471
f 3416 3470 3471
f 3418 3417 3472
f 3419 3418 3472
f 3417 3471 3472
f 3419 3472 3473
f 3420 3419 3474
f 3421 3420 3474
f 3419 3473 3474
f 3421 3474 3475
f 3422 3421 3476
f 3421 3475 3476
f 3423 3422 3477
f 3422 3476 3477
f 3424 3423 3478
f 3423 3477 3478
f 3425 3424 3479
f 3424 3478 3479
f 3426 3425 3480
f 3427 3426 3480
f 3425 3479 3480
f 3428 3427 3481
f 3427 3480 3481
f 3428 3481 3482
f 3429 3428 3483
f 3430 3429 3483
f 3428 3482 3483
f 3430 3483 3484
f 3430 3484 3485
f 3431 3430 3485
f 3432 3431 3485
f 3432 3485 3486
f 3433 3432 3486
f 3433 3486 3487
f 3433 3487 3488
f 3434 3433 3488
f 3434 3488 3489
f 3435 3434 3489
f 3435 3489 3490
f 3436 3435 3490
f 3437 3436 3490
f 3437 3490 3491
f 3437 3491 3382
f 3383 3437 3382
f 3491 3490 3382
f 3438 3382 3439
f 3440 3439 3444
f 3441 3440 3444
f 3442 3441 3444
f 3443 3442 3444
f 3446 3445 3444
f 3447 3446 3444
f 3448 3447 3444
f 3449 3448 3444
f 3450 3449 3444
f 3451 3450 3444
f 3452 3451 3444
f 3453 3452 3444
f 3454 3453 3444
f 3455 3454 3444
f 3456 3455 3444
f 3457 3456 3444
f 3458 3457 3444
f 3459 3458 3444
f 3460 3459 3444
f 3461 3460 3444
f 3462 3461 3444
f 3463 3462 3444
f 3464 3463 3444
f 3465 3464 3444
f 3466 3465 3444
f 3467 3466 3444
f 3439 3382 3444
f 3468 3467 3444
f 3469 3468 3444
f 3470 3469 3444
f 3471 3470 3444
f 3472 3471 3444
f 3473 3472 3444
f 3474 3473 3444
f 3475 3474 3444
f 3476 3475 3444
f 3477 3476 3444
f 3478 3477 3444
f 3382 3490 3444
f 3479 3478 3444
f 3480 3479 3444
f 3481 3480 3444
f 3482 3481 3444
f 3483 3482 3444
f 3484 3483 3444
f 3485 3484 3444
f 3486 3485 3444
f 3487 3486 3444
f 3488 3487 3444
f 3489 3488 3444
f 3490 3489 3444
f 3383 3436 3437
f 3385 3383 3384
f 3390 3385 3386
f 3390 3386 3387
f 3390 3387 3388
f 3390 3388 3389
f 3390 3391 3392
f 3390 3392 3393
f 3390 3393 3394
f 3390 3394 3395
f 3390 3395 3396
f 3390 3396 3397
f 3390 3397 3398
f 3390 3398 3399
f 3390 3399 3400
f 3390 3400 3401
f 3390 3401 3402
f 3390 3402 3403
f 3390 3403 3404
f 3390 3404 3405
f 3390 3405 3406
f 3390 3406 3407
f 3390 3407 3408
f 3390 3408 3409
f 3390 3409 3410
f 3390 3410 3411
f 3390 3411 3412
f 3390 3412 3413
f 3390 3383 3385
f 3390 3413 3414
f 3390 3414 3415
f 3390 3415 3416
f 3390 3416 3417
f 3390 3417 3418
f 3390 3418 3419
f 3390 3419 3420
f 3390 3420 3421
f 3390 3421 3422
f 3390 3422 3423
f 3390 3423 3424
f 3390 3436 3383
f 3390 3424 3425
f 3390 3425 3426
f 3390 3426 3427
f 3390 3427 3428
f 3390 3428 3429
f 3390 3429 3430
f 3390 3430 3431
f 3390 3431 3432
f 3390 3432 3433
f 3390 3433 3434
f 3390 3434 3435
f 3390 3435 3436
f 3493 3492 3548
f 3494 3493 3548
f 3495 3494 3549
f 3494 3548 3549
f 3496 3495 3550
f 3495 3549 3550
f 3497 3496 3551
f 3496 3550 3551
f 3498 3497 3552
f 3497 3551 3552
f 3499 3498 3553
f 3498 3552 3553
f 3500 3499 3554
f 3499 3553 3554
f 3501 3500 3555
f 3502 3501 3555
f 3500 3554 3555
f 3502 3555 3556
f 3503 3502 3557
f 3504 3503 3557
f 3502 3556 3557
f 3504 3557 3558
f 3505 3504 3559
f 3504 3558 3559
f 3506 3505 3560
f 3507 3506 3560
f 3505 3559 3560
f 3507 3560 3561
f 3508 3507 3562
f 3507 3561 3562
f 3509 3508 3563
f 3508 3562 3563
f 3510 3509 3564
f 3509 3563 3564
f 3511 3510 3565
f 3510 3564 3565
f 3512 3511 3566
f 3511 3565 3566
f 3513 3512 3567
f 3512 3566 3567
f 3514 3513 3568
f 3513 3567 3568
f 3514 3568 3569
f 3515 3514 3569
f 3516 3515 3569
f 3516 3569 3570
f 3516 3570 3571
f 3517 3516 3571
f 3517 3571 3572
f 3518 3517 3572
f 3519 3518 3572
f 3519 3572 3573
f 3520 3519 3573
f 3520 3573 3574
f 3520 3574 3575
f 3521 3520 3575
f 3522 3521 3575
f 3522 3575 3576
f 3523 3522 3577
f 3522 3576 3577
f 3524 3523 3578
f 3523 3577 3578
f 3525 3524 3579
f 3524 3578 3579
f 3526 3525 3580
f 3525 3579 3580
f 3527 3526 3581
f 3526 3580 3581
f 3528 3527 3582
f 3527 3581 3582
f 3529 3528 3583
f 3528 3582 3583
f 3530 3529 3584
f 3529 3583 3584
f 3531 3530 3585
f 3530 3584 3585
f 3532 3531 3586
f 3531 3585 3586
f 3533 3532 3587
f 3532 3586 3587
f 3534 3533 3588
f 3533 3587 3588
f 3535 3534 3589
f 3534 3588 3589
f 3536 3535 3590
f 3535 3589 3590
f 3537 3536 3591
f 3536 3590 3591
f 3538 3537 3592
f 3537 3591 3592
f 3539 3538 3593
f 3538 3592 3593
f 3539 3593 3594
f 3540 3539 3594
f 3540 3594 3595
f 3541 3540 3595
f 3541 3595 3596
f 3542 3541 3596
f 3542 3596 3597
f 3543 3542 3597
f 3543 3597 3598
f 3544 3543 3598
f 3544 3598 3599
f 3545 3544 3599
f 3545 3599 3600
f 3546 3545 3600
f 3546 3600 3601
f 3547 3546 3601
f 3547 3601 3492
f 3493 3547 3492
f 3601 3600 3492
f 3548 3492 3549
f 3550 3549 3554
f 3551 3550 3554
f 3552 3551 3554
f 3553 3552 3554
f 3556 3555 3554
f 3557 3556 3554
f 3558 3557 3554
f 3559 3558 3554
f 3560 3559 3554
f 3561 3560 3554
f 3562 3561 3554
f 3563 3562 3554
f 3564 3563 3554
f 3565 3564 3554
f 3566 3565 3554
f 3567 3566 3554
f 3568 3567 3554
f 3569 3568 3554
f 3570 3569 3554
f 3571 3570 3554
f 3572 3571 3554
f 3573 3572 3554
f 3574 3573 3554
f 3575 3574 3554
f 3576 3575 3554
f 3577 3576 3554
f 3549 3492 3554
f 3578 3577 3554
f 3579 3578 3554
f 3580 3579 3554
f 3581 3580 3554
f 3582 3581 3554
f 3583 3582 3554
f 3584 3583 3554
f 3585 3584 3554
f 3586 3585 3554
f 3587 3586 3554
f 3588 3587 3554
f 3492 3600 3554
f 3589 3588 3554
f 3590 3589 3554
f 3591 3590 3554
f 3592 3591 3554
f 3593 3592 3554
f 3594 3593 3554
f 3595 3594 3554
f 3596 3595 3554
f 3597 3596 3554
f 3598 3597 3554
f 3599 3598 3554
f 3600 3599 3554
f 3493 3546 3547
f 3495 3493 3494
f 3500 3495 3496
f 3500 3496 3497
f 3500 3497 3498
f 3500 3498 3499
f 3500 3501 3502
f 3500 3502 3503
f 3500 3503 3504
f 3500 3504 3505
f 3500 3505 3506
f 3500 3506 3507
f 3500 3507 3508
f 3500 3508 3509
f 3500 3509 3510
f 3500 3510 3511
f 3500 3511 3512
f 3500 3512 3513
f 3500 3513 3514
f 3500 3514 3515
f 3500 3515 3516
f 3500 3516 3517
f 3500 3517 3518
f 3500 3518 3519
f 3500 3519 3520
f 3500 3520 3521
f 3500 3521 3522
f 3500 3522 3523
f 3500 3493 3495
f 3500 3523 3524
f 3500 3524 3525
f 3500 3525 3526
f 3500 3526 3527
f 3500 3527 3528
f 3500 3528 3529
f 3500 3529 3530
f 3500 3530 3531
f 3500 3531 3532
f 3500 3532 3533
f 3500 3533 3534
f 3500 3546 3493
f 3500 3534 3535
f 3500 3535 3536
f 3500 3536 3537
f 3500 3537 3538
f 3500 3538 3539
f 3500 3539 3540
f 3500 3540 3541
f 3500 3541 3542
f 3500 3542 3543
f 3500 3543 3544
f 3500 3544 3545
f 3500 3545 3546
f 3603 3602 3658
f 3604 3603 3658
f 3605 3604 3659
f 3604 3658 3659
f 3606 3605 3660
f 3605 3659 3660
f 3607 3606 3661
f 3606 3660 3661
f 3608 3607 3662
f 3609 3608 3662
f 3607 3661 3662
f 3609 3662 3663
f 3610 3609 3664
f 3609 3663 3664
f 3611 3610 3665
f 3612 3611 3665
f 3610 3664 3665
f 3612 3665 3666
f 3613 3612 3667
f 3612 3666 3667
f 3614 3613 3668
f 3613 3667 3668
f 3615 3614 3669
f 3616 3615 3669
f 3614 3668 3669
f 3616 3669 3670
f 3617 3616 3671
f 3616 3670 3671
f 3618 3617 3672
f 3617 3671 3672
f 3619 3618 3673
f 3618 3672 3673
f 3620 3619 3674
f 3619 3673 3674
f 3621 3620 3675
f 3620 3674 3675
f 3622 3621 3676
f 3621 3675 3676
f 3623 3622 3677
f 3622 3676 3677
f 3624 3623 3678
f 3625 3624 3678
f 3623 3677 3678
f 3625 3678 3679
f 3625 3679 3680
f 3626 3625 3680
f 3626 3680 3681
f 3627 3626 3681
f 3627 3681 3682
f 3628 3627 3682
f 3629 3628 3682
f 3629 3682 3683
f 3629 3683 3684
f 3630 3629 3684
f 3630 3684 3685
f 3631 3630 3685
f 3632 3631 3686
f 3631 3685 3686
f 3633 3632 3687
f 3634 3633 3687
f 3632 3686 3687
f 3634 3687 3688
f 3635 3634 3689
f 3634 3688 3689
f 3636 3635 3690
f 3635 3689 3690
f 3637 3636 3691
f 3636 3690 3691
f 3638 3637 3692
f 3637 3691 3692
f 3639 3638 3693
f 3638 3692 3693
f 3640 3639 3694
f 3639 3693 3694
f 3641 3640 3695
f 3642 3641 3695
f 3640 3694 3695
f 3642 3695 3696
f 3643 3642 3697
f 3642 3696 3697
f 3644 3643 3698
f 3645 3644 3698
f 3643 3697 3698
f 3645 3698 3699
f 3646 3645 3700
f 3647 3646 3700
f 3645 3699 3700
f 3647 3700 3701
f 3648 3647 3702
f 3647 3701 3702
f 3649 3648 3703
f 3648 3702 3703
f 3649 3703 3704
f 3650 3649 3704
f 3650 3704 3705
f 3651 3650 3705
f 3652 3651 3705
f 3652 3705 3706
f 3653 3652 3706
f 3653 3706 3707
f 3654 3653 3707
f 3654 3707 3708
f 3655 3654 3708
f 3655 3708 3709
f 3655 3709 3710
f 3656 3655 3710
f 3656 3710 3711
f 3657 3656 3711
f 3657 3711 3602
f 3603 3657 3602
f 3711 3710 3602
f 3658 3602 3659
f 3660 3659 3664
f 3661 3660 3664
f 3662 3661 3664
f 3663 3662 3664
f 3666 3665 3664
f 3667 3666 3664
f 3668 3667 3664
f 3669 3668 3664
f 3670 3669 3664
f 3671 3670 3664
f 3672 3671 3664
f 3673 3672 3664
f 3674 3673 3664
f 3675 3674 3664
f 3676 3675 3664
f 3677 3676 3664
f 3678 3677 3664
f 3679 3678 3664
f 3680 3679 3664
f 3681 3680 3664
f 3682 3681 3664
f 3683 3682 3664
f 3684 3683 3664
f 3685 3684 3664
f 3686 3685 3664
f 3687 3686 3664
f 3659 3602 3664
f 3688 3687 3664
f 3689 3688 3664
f 3690 3689 3664
f 3691 3690 3664
f 3692 3691 3664
f 3693 3692 3664
f 3694 3693 3664
f 3695 3694 3664
f 3696 3695 3664
f 3697 3696 3664
f 3698 3697 3664
f 3602 3710 3664
f 3699 3698 3664
f 3700 3699 3664
f 3701 3700 3664
f 3702 3701 3664
f 3703 3702 3664
f 3704 3703 3664
f 3705 3704 3664
f 3706 3705 3664
f 3707 3706 3664
f 3708 3707 3664
f 3709 3708 3664
f 3710 3709 3664
f 3603 3656 3657
f 3605 3603 3604
f 3610 3605 3606
f 3610 3606 3607
f 3610 3607 3608
f 3610 3608 3609
f 3610 3611 3612
f 3610 3612 3613
f 3610 3613 3614
f 3610 3614 3615
f 3610 3615 3616
f 3610 3616 3617
f 3610 3617 3618
f 3610 3618 3619
f 3610 3619 3620
f 3610 3620 3621
f 3610 3621 3622
f 3610 3622 3623
f 3610 3623 3624
f 3610 3624 3625
f 3610 3625 3626
f 3610 3626 3627
f 3610 3627 3628
f 3610 3628 3629
f 3610 3629 3630
f 3610 3630 3631
f 3610 3631 3632
f 3610 3632 3633
f 3610 3603 3605
f 3610 3633 3634
f 3610 3634 3635
f 3610 3635 3636
f 3610 3636 3637
f 3610 3637 3638
f 3610 3638 3639
f 3610 3639 3640
f 3610 3640 3641
f 3610 3641 3642
f 3610 3642 3643
f 3610 3643 3644
f 3610 3656 3603
f 3610 3644 3645
f 3610 3645 3646
f 3610 3646 3647
f 3610 3647 3648
f 3610 3648 3649
f 3610 3649 3650
f 3610 3650 3651
f 3610 3651 3652
f 3610 3652 3653
f 3610 3653 3654
f 3610 3654 3655
f 3610 3655 3656
f 3713 3712 3768
f 3714 3713 3768
f 3715 3714 3769
f 3714 3768 3769
f 3716 3715 3770
f 3715 3769 3770
f 3717 3716 3771
f 3716 3770 3771
f 3718 3717 3772
f 3719 3718 3772
f 3717 3771 3772
f 3719 3772 3773
f 3720 3719 3774
f 3719 3773 3774
f 3721 3720 3775
f 3722 3721 3775
f 3720 3774 3775
f 3722 3775 3776
f 3723 3722 3777
f 3722 3776 3777
f 3724 3723 3778
f 3723 3777 3778
f 3725 3724 3779
f 3726 3725 3779
f 3724 3778 3779
f 3726 3779 3780
f 3727 3726 3781
f 3726 3780 3781
f 3728 3727 3782
f 3727 3781 3782
f 3729 3728 3783
f 3728 3782 3783
f 3730 3729 3784
f 3729 3783 3784
f 3731 3730 3785
f 3730 3784 3785
f 3732 3731 3786
f 3731 3785 3786
f 3733 3732 3787
f 3732 3786 3787
f 3734 3733 3788
f 3735 3734 3788
f 3733 3787 3788
f 3735 3788 3789
f 3735 3789 3790
f 3736 3735 3790
f 3736 3790 3791
f 3737 3736 3791
f 3737 3791 3792
f 3738 3737 3792
f 3739 3738 3792
f 3739 3792 3793
f 3739 3793 3794
f 3740 3739 3794
f 3740 3794 3795
f 3741 3740 3795
f 3742 3741 3796
f 3741 3795 3796
f 3743 3742 3797
f 3744 3743 3797
f 3742 3796 3797
f 3744 3797 3798
f 3745 3744 3799
f 3744 3798 3799
f 3746 3745 3800
f 3745 3799 3800
f 3747 3746 3801
f 3746 3800 3801
f 3748 3747 3802
f 3747 3801 3802
f 3749 3748 3803
f 3748 3802 3803
f 3750 3749 3804
f 3749 3803 3804
f 3751 3750 3805
f 3752 3751 3805
f 3750 3804 3805
f 3752 3805 3806
f 3753 3752 3807
f 3752 3806 3807
f 3754 3753 3808
f 3755 3754 3808
f 3753 3807 3808
f 3755 3808 3809
f 3756 3755 3810
f 3757 3756 3810
f 3755 3809 3810
f 3757 3810 3811
f 3758 3757 3812
f 3757 3811 3812
f 3759 3758 3813
f 3758 3812 3813
f 3759 3813 3814
f 3760 3759 3814
f 3760 3814 3815
f 3761 3760 3815
f 3762 3761 3815
f 3762 3815 3816
f 3763 3762 3816
f 3763 3816 3817
f 3764 3763 3817
f 3764 3817 3818
f 3765 3764 3818
f 3765 3818 3819
f 3765 3819 3820
f 3766 3765 3820
f 3766 3820 3821
f 3767 3766 3821
f 3767 3821 3712
f 3713 3767 3712
f 3821 3820 3712
f 3768 3712 3769
f 3770 3769 3774
f 3771 3770 3774
f 3772 3771 3774
f 3773 3772 3774
f 3776 3775 3774
f 3777 3776 3774
f 3778 3777 3774
f 3779 3778 3774
f 3780 3779 3774
f 3781 3780 3774
f 3782 3781 3774
f 3783 3782 3774
f 3784 3783 3774
f 3785 3784 3774
f 3786 3785 3774
f 3787 3786 3774
f 3788 3787 3774
f 3789 3788 3774
f 3790 3789 3774
f 3791 3790 3774
f 3792 3791 3774
f 3793 3792 3774
f 3794 3793 3774
f 3795 3794 3774
f 3796 3795 3774
f 3797 3796 3774
f 3769 3712 3774
f 3798 3797 3774
f 3799 3798 3774
f 3800 3799 3774
f 3801 3800 3774
f 3802 3801 3774
f 3803 3802 3774
f 3804 3803 3774
f 3805 3804 3774
f 3806 3805 3774
f 3807 3806 3774
f 3808 3807 3774
f 3712 3820 3774
f 3809 3808 3774
f 3810 3809 3774
f 3811 3810 3774
f 3812 3811 3774
f 3813 3812 3774
f 3814 3813 3774
f 3815 3814 3774
f 3816 3815 3774
f 3817 3816 3774
f 3818 3817 3774
f 3819 3818 3774
f 3820 3819 3774
f 3713 3766 3767
f 3715 3713 3714
f 3720 3715 3716
f 3720 3716 3717
f 3720 3717 3718
f 3720 3718 3719
f 3720 3721 3722
f 3720 3722 3723
f 3720 3723 3724
f 3720 3724 3725
f 3720 3725 3726
f 3720 3726 3727
f 3720 3727 3728
f 3720 3728 3729
f 3720 3729 3730
f 3720 3730 3731
f 3720 3731 3732
f 3720 3732 3733
f 3720 3733 3734
f 3720 3734 3735
f 3720 3735 3736
f 3720 3736 3737
f 3720 3737 3738
f 3720 3738 3739
f 3720 3739 3740
f 3720 3740 3741
f 3720 3741 3742
f 3720 3742 3743
f 3720 3713 3715
f 3720 3743 3744
f 3720 3744 3745
f 3720 3745 3746
f 3720 3746 3747
f 3720 3747 3748
f 3720 3748 3749
f 3720 3749 3750
f 3720 3750 3751
f 3720 3751 3752
f 3720 3752 3753
f 3720 3753 3754
f 3720 3766 3713
f 3720 3754 3755
f 3720 3755 3756
f 3720 3756 3757
f 3720 3757 3758
f 3720 3758 3759
f 3720 3759 3760
f 3720 3760 3761
f 3720 3761 3762
f 3720 3762 3763
f 3720 3763 3764
f 3720 3764 3765
f 3720 3765 3766
f 3823 3822 3825
f 3824 3823 3825
f 3824 3825 3827
f 3826 3824 3827
f 3826 3827 3829
f 3828 3826 3829
f 3828 3829 3822
f 3823 3828 3822
f 3825 3822 3827
f 3822 3829 3827
f 3826 3823 3824
f 3826 3828 3823
f 3831 3830 3833
f 3832 3831 3833
f 3832 3833 3835
f 3834 3832 3835
f 3834 3835 3837
f 3836 3834 3837
f 3836 3837 3830
f 3831 3836 3830
f 3833 3830 3835
f 3830 3837 3835
f 3834 3831 3832
f 3834 3836 3831
f 3839 3838 3841
f 3840 3839 3841
f 3840 3841 3843
f 3842 3840 3843
f 3842 3843 3845
f 3844 3842 3845
f 3844 3845 3838
f 3839 3844 3838
f 3841 3838 3843
f 3838 3845 3843
f 3842 3839 3840
f 3842 3844 3839
f 3847 3846 3849
f 3848 3847 3849
f 3848 3849 3851
f 3850 3848 3851
f 3850 3851 3853
f 3852 3850 3853
f 3852 3853 3846
f 3847 3852 3846
f 3849 3846 3851
f 3846 3853 3851
f 3850 3847 3848
f 3850 3852 3847
f 3855 3854 3857
f 3856 3855 3857
f 3856 3857 3859
f 3858 3856 3859
f 3858 3859 3861
f 3860 3858 3861
f 3860 3861 3854
f 3855 3860 3854
f 3857 3854 3859
f 3854 3861 3859
f 3858 3855 3856
f 3858 3860 3855
f 3863 3862 3865
f 3864 3863 3865
f 3864 3865 3867
f 3866 3864 3867
f 3866 3867 3869
f 3868 3866 3869
f 3868 3869 3862
f 3863 3868 3862
f 3865 3862 3867
f 3862 3869 3867
f 3866 3863 3864
f 3866 3868 3863
f 3871 3870 3873
f 3872 3871 3873
f 3872 3873 3875
f 3874 3872 3875
f 3874 3875 3877
f 3876 3874 3877
f 3876 3877 3870
f 3871 3876 3870
f 3873 3870 3875
f 3870 3877 3875
f 3874 3871 3872
f 3874 3876 3871
f 3879 3878 3881
f 3880 3879 3881
f 3880 3881 3883
f 3882 3880 3883
f 3882 3883 3885
f 3884 3882 3885
f 3884 3885 3878
f 3879 3884 3878
f 3881 3878 3883
f 3878 3885 3883
f 3882 3879 3880
f 3882 3884 3879
f 3887 3886 3889
f 3888 3887 3889
f 3888 3889 3891
f 3890 3888 3891
f 3890 3891 3893
f 3892 3890 3893
f 3892 3893 3886
f 3887 3892 3886
f 3889 3886 3891
f 3886 3893 3891
f 3890 3887 3888
f 3890 3892 3887
f 3895 3894 3897
f 3896 3895 3897
f 3896 3897 3899
f 3898 3896 3899
f 3898 3899 3901
f 3900 3898 3901
f 3900 3901 3894
f 3895 3900 3894
f 3897 3894 3899
f 3894 3901 3899
f 3898 3895 3896
f 3898 3900 3895
f 3903 3902 3905
f 3904 3903 3905
f 3904 3905 3907
f 3906 3904 3907
f 3906 3907 3909
f 3908 3906 3909
f 3908 3909 3902
f 3903 3908 3902
f 3905 3902 3907
f 3902 3909 3907
f 3906 3903 3904
f 3906 3908 3903
f 3911 3910 3913
f 3912 3911 3913
f 3912 3913 3915
f 3914 3912 3915
f 3914 3915 3917
f 3916 3914 3917
f 3916 3917 3910
f 3911 3916 3910
f 3913 3910 3915
f 3910 3917 3915
f 3914 3911 3912
f 3914 3916 3911
f 3919 3918 3921
f 3920 3919 3921
f 3920 3921 3923
f 3922 3920 3923
f 3922 3923 3925
f 3924 3922 3925
f 3924 3925 3918
f 3919 3924 3918
f 3921 3918 3923
f 3918 3925 3923
f 3922 3919 3920
f 3922 3924 3919
f 3927 3926 3929
f 3928 3927 3929
f 3928 3929 3931
f 3930 3928 3931
f 3930 3931 3933
f 3932 3930 3933
f 3932 3933 3926
f 3927 3932 3926
f 3929 3926 3931
f 3926 3933 3931
f 3930 3927 3928
f 3930 3932 3927
f 3935 3934 3937
f 3936 3935 3937
f 3936 3937 3939
f 3938 3936 3939
f 3938 3939 3941
f 3940 3938 3941
f 3940 3941 3934
f 3935 3940 3934
f 3937 3934 3939
f 3934 3941 3939
f 3938 3935 3936
f 3938 3940 3935
f 3943 3942 3945
f 3944 3943 3945
f 3944 3945 3947
f 3946 3944 3947
f 3946 3947 3949
f 3948 3946 3949
f 3948 3949 3942
f 3943 3948 3942
f 3945 3942 3947
f 3942 3949 3947
f 3946 3943 3944
f 3946 3948 3943
f 3951 3950 3953
f 3952 3951 3953
f 3952 3953 3955
f 3954 3952 3955
f 3954 3955 3957
f 3956 3954 3957
f 3956 3957 3950
f 3951 3956 3950
f 3953 3950 3955
f 3950 3957 3955
f 3954 3951 3952
f 3954 3956 3951
f 3959 3958 3961
f 3960 3959 3961
f 3960 3961 3963
f 3962 3960 3963
f 3962 3963 3965
f 3964 3962 3965
f 3964 3965 3958
f 3959 3964 3958
f 3961 3958 3963
f 3958 3965 3963
f 3962 3959 3960
f 3962 3964 3959
f 3967 3966 3969
f 3968 3967 3969
f 3968 3969 3971
f 3970 3968 3971
f 3970 3971 3973
f 3972 3970 3973
f 3972 3973 3966
f 3967 3972 3966
f 3969 3966 3971
f 3966 3973 3971
f 3970 3967 3968
f 3970 3972 3967
f 3975 3974 3977
f 3976 3975 3977
f 3976 3977 3979
f 3978 3976 3979
f 3978 3979 3981
f 3980 3978 3981
f 3980 3981 3974
f 3975 3980 3974
f 3977 3974 3979
f 3974 3981 3979
f 3978 3975 3976
f 3978 3980 3975
f 3983 3982 3985
f 3984 3983 3985
f 3984 3985 3987
f 3986 3984 3987
f 3986 3987 3989
f 3988 3986 3989
f 3988 3989 3982
f 3983 3988 3982
f 3985 3982 3987
f 3982 3989 3987
f 3986 3983 3984
f 3986 3988 3983
f 3991 3990 3993
f 3992 3991 3993
f 3992 3993 3995
f 3994 3992 3995
f 3994 3995 3997
f 3996 3994 3997
f 3996 3997 3990
f 3991 3996 3990
f 3993 3990 3995
f 3990 3997 3995
f 3994 3991 3992
f 3994 3996 3991
f 3999 3998 4001
f 4000 3999 4001
f 4000 4001 4003
f 4002 4000 4003
f 4002 4003 4005
f 4004 4002 4005
f 4004 4005 3998
f 3999 4004 3998
f 4001 3998 4003
f 3998 4005 4003
f 4002 3999 4000
f 4002 4004 3999
f 4007 4006 4009
f 4008 4007 4009
f 4008 4009 4011
f 4010 4008 4011
f 4010 4011 4013
f 4012 4010 4013
f 4012 4013 4006
f 4007 4012 4006
f 4009 4006 4011
f 4006 4013 4011
f 4010 4007 4008
f 4010 4012 4007
f 4015 4014 4017
f 4016 4015 4017
f 4016 4017 4019
f 4018 4016 4019
f 4018 4019 4021
f 4020 4018 4021
f 4020 4021 4014
f 4015 4020 4014
f 4017 4014 4019
f 4014 4021 4019
f 4018 4015 4016
f 4018 4020 4015
f 4023 4022 4025
f 4024 4023 4025
f 4024 4025 4027
f 4026 4024 4027
f 4026 4027 4029
f 4028 4026 4029
f 4028 4029 4022
f 4023 4028 4022
f 4025 4022 4027
f 4022 4029 4027
f 4026 4023 4024
f 4026 4028 4023
f 4031 4030 4033
f 4032 4031 4033
f 4032 4033 4035
f 4034 4032 4035
f 4034 4035 4037
f 4036 4034 4037
f 4036 4037 4030
f 4031 4036 4030
f 4033 4030 4035
f 4030 4037 4035
f 4034 4031 4032
f 4034 4036 4031
f 4039 4038 4041
f 4040 4039 4041
f 4040 4041 4043
f 4042 4040 4043
f 4042 4043 4045
f 4044 4042 4045
f 4044 4045 4038
f 4039 4044 4038
f 4041 4038 4043
f 4038 4045 4043
f 4042 4039 4040
f 4042 4044 4039
f 4047 4046 4049
f 4048 4047 4049
f 4048 4049 4051
f 4050 4048 4051
f 4050 4051 4053
f 4052 4050 4053
f 4052 4053 4046
f 4047 4052 4046
f 4049 4046 4051
f 4046 4053 4051
f 4050 4047 4048
f 4050 4052 4047
f 4055 4054 4057
f 4056 4055 4057
f 4056 4057 4059
f 4058 4056 4059
f 4058 4059 4061
f 4060 4058 4061
f 4060 4061 4054
f 4055 4060 4054
f 4057 4054 4059
f 4054 4061 4059
f 4058 4055 4056
f 4058 4060 4055
f 4063 4062 4065
f 4064 4063 4065
f 4064 4065 4067
f 4066 4064 4067
f 4066 4067 4069
f 4068 4066 4069
f 4068 4069 4062
f 4063 4068 4062
f 4065 4062 4067
f 4062 4069 4067
f 4066 4063 4064
f 4066 4068 4063
f 4071 4070 4073
f 4072 4071 4073
f 4072 4073 4075
f 4074 4072 4075
f 4074 4075 4077
f 4076 4074 4077
f 4076 4077 4070
f 4071 4076 4070
f 4073 4070 4075
f 4070 4077 4075
f 4074 4071 4072
f 4074 4076 4071
f 4079 4078 4081
f 4080 4079 4081
f 4080 4081 4083
f 4082 4080 4083
f 4082 4083 4085
f 4084 4082 4085
f 4084 4085 4078
f 4079 4084 4078
f 4081 4078 4083
f 4078 4085 4083
f 4082 4079 4080
f 4082 4084 4079
f 4087 4086 4089
f 4088 4087 4089
f 4088 4089 4091
f 4090 4088 4091
f 4090 4091 4093
f 4092 4090 4093
f 4092 4093 4086
f 4087 4092 4086
f 4089 4086 4091
f 4086 4093 4091
f 4090 4087 4088
f 4090 4092 4087
f 4095 4094 4097
f 4096 4095 4097
f 4096 4097 4099
f 4098 4096 4099
f 4098 4099 4101
f 4100 4098 4101
f 4100 4101 4094
f 4095 4100 4094
f 4097 4094 4099
f 4094 4101 4099
f 4098 4095 4096
f 4098 4100 4095
f 4103 4102 4105
f 4104 4103 4105
f 4104 4105 4107
f 4106 4104 4107
f 4106 4107 4109
f 4108 4106 4109
f 4108 4109 4102
f 4103 4108 4102
f 4105 4102 4107
f 4102 4109 4107
f 4106 4103 4104
f 4106 4108 4103
f 4111 4110 4113
f 4112 4111 4113
f 4112 4113 4115
f 4114 4112 4115
f 4114 4115 4117
f 4116 4114 4117
f 4116 4117 4110
f 4111 4116 4110
f 4113 4110 4115
f 4110 4117 4115
f 4114 4111 4112
f 4114 4116 4111
f 4119 4118 4121
f 4120 4119 4121
f 4120 4121 4123
f 4122 4120 4123
f 4122 4123 4125
f 4124 4122 4125
f 4124 4125 4118
f 4119 4124 4118
f 4121 4118 4123
f 4118 4125 4123
f 4122 4119 4120
f 4122 4124 4119
f 4127 4126 4129
f 4128 4127 4129
f 4128 4129 4131
f 4130 4128 4131
f 4130 4131 4133
f 4132 4130 4133
f 4132 4133 4126
f 4127 4132 4126
f 4129 4126 4131
f 4126 4133 4131
f 4130 4127 4128
f 4130 4132 4127
f 4135 4134 4137
f 4136 4135 4137
f 4136 4137 4139
f 4138 4136 4139
f 4138 4139 4141
f 4140 4138 4141
f 4140 4141 4134
f 4135 4140 4134
f 4137 4134 4139
f 4134 4141 4139
f 4138 4135 4136
f 4138 4140 4135
f 4143 4142 4145
f 4144 4143 4145
f 4144 4145 4147
f 4146 4144 4147
f 4146 4147 4149
f 4148 4146 4149
f 4148 4149 4142
f 4143 4148 4142
f 4145 4142 4147
f 4142 4149 4147
f 4146 4143 4144
f 4146 4148 4143
f 4151 4150 4153
f 4152 4151 4153
f 4152 4153 4155
f 4154 4152 4155
f 4154 4155 4157
f 4156 4154 4157
f 4156 4157 4150
f 4151 4156 4150
f 4153 4150 4155
f 4150 4157 4155
f 4154 4151 4152
f 4154 4156 4151
f 4159 4158 4161
f 4160 4159 4161
f 4160 4161 4163
f 4162 4160 4163
f 4162 4163 4165
f 4164 4162 4165
f 4164 4165 4158
f 4159 4164 4158
f 4161 4158 4163
f 4158 4165 4163
f 4162 4159 4160
f 4162 4164 4159
f 4167 4166 4169
f 4168 4167 4169
f 4168 4169 4171
f 4170 4168 4171
f 4170 4171 4173
f 4172 4170 4173
f 4172 4173 4166
f 4167 4172 4166
f 4169 4166 4171
f 4166 4173 4171
f 4170 4167 4168
f 4170 4172 4167
f 4175 4174 4177
f 4176 4175 4177
f 4176 4177 4179
f 4178 4176 4179
f 4178 4179 4181
f 4180 4178 4181
f 4180 4181 4174
f 4175 4180 4174
f 4177 4174 4179
f 4174 4181 4179
f 4178 4175 4176
f 4178 4180 4175
f 4183 4182 4185
f 4184 4183 4185
f 4184 4185 4187
f 4186 4184 4187
f 4186 4187 4189
f 4188 4186 4189
f 4188 4189 4182
f 4183 4188 4182
f 4185 4182 4187
f 4182 4189 4187
f 4186 4183 4184
f 4186 4188 4183
f 4191 4190 4193
f 4192 4191 4193
f 4192 4193 4195
f 4194 4192 4195
f 4194 4195 4197
f 4196 4194 4197
f 4196 4197 4190
f 4191 4196 4190
f 4193 4190 4195
f 4190 4197 4195
f 4194 4191 4192
f 4194 4196 4191
f 4199 4198 4201
f 4200 4199 4201
f 4200 4201 4203
f 4202 4200 4203
f 4202 4203 4205
f 4204 4202 4205
f 4204 4205 4198
f 4199 4204 4198
f 4201 4198 4203
f 4198 4205 4203
f 4202 4199 4200
f 4202 4204 4199
f 4207 4206 4209
f 4208 4207 4209
f 4208 4209 4211
f 4210 4208 4211
f 4210 4211 4213
f 4212 4210 4213
f 4212 4213 4206
f 4207 4212 4206
f 4209 4206 4211
f 4206 4213 4211
f 4210 4207 4208
f 4210 4212 4207
f 4215 4214 4217
f 4216 4215 4217
f 4216 4217 4219
f 4218 4216 4219
f 4218 4219 4221
f 4220 4218 4221
f 4220 4221 4214
f 4215 4220 4214
f 4217 4214 4219
f 4214 4221 4219
f 4218 4215 4216
f 4218 4220 4215
